"predictions","variance.estimates","debiased.error","excess.error"
-0.272349341476993,0.0233387033879874,1.84592673722042,0.000100666052965369
-0.262728236077284,0.0291813027316856,2.10974449748639,0.000610443553124015
-0.0957366478026164,0.0566173754920413,2.99921301070898,0.000117708570308126
-0.129452880400032,0.081750653785348,0.271109251123719,0.000170927020303431
-0.0971070933331585,0.0212048883672349,0.161153986392221,0.000125319869582141
-0.317216666821997,0.0243685524086554,3.02751895087996,0.000502016899162866
-0.0793490694698631,0.0247258150266729,0.402719288817635,0.000143103594249357
-0.01417306457094,0.0426374864437648,29.5408028601827,0.000441441665387725
-0.231591556511642,0.0282835958102692,0.373133037473442,9.67683252938136e-05
-0.216054655686577,0.0290306868074336,1.99308229977693,0.000150259292720951
-0.151339377273819,0.0341009093804017,0.0853172129915355,0.000227254245764137
-0.0935071310165778,0.0132718752462295,0.00353489724077954,9.437299526823e-05
-0.219401052468841,0.00699187200748904,0.000693697878234207,0.000140043665070577
-0.173142101691606,0.0487044304638601,1.25079453830679,0.000113469378924238
-0.219769278126878,0.0197958027992199,0.00603198128161266,0.000259371681510386
-0.209202924506515,0.0054446047580779,0.709732744137866,0.000168870175995403
-0.190183258047723,0.0163281741491744,0.876633251365032,0.000186112964182983
-0.194552976545777,0.0289240917935663,1.49127287349385,8.1776028733726e-05
-0.155687418768159,0.00742816049100809,1.88765391858715,0.000203805473293346
-0.286833927077322,0.091258279170895,0.202930425347376,0.000126004651580427
-0.151143552574878,0.00798458876972746,0.0225790138223988,0.00011676618537957
-0.265827490265656,0.0426702391786552,0.142038231102069,0.000103552975466835
-0.273087474808947,0.0444324776016813,4.11507638346155,0.000106544181059208
-0.114353649415299,0.0333572015581912,0.416002325085888,0.000130779547630717
-0.158613366949532,0.0954269013849243,1.02741473596789,0.000153103064629438
-0.1951748419051,0.0183522471494297,0.562485808532226,0.000192626479415381
-0.148470452927459,0.0280805157951788,0.681126760133018,0.000137240514837481
-0.254694630501508,0.034156479044136,0.190919717292509,0.000253041985880115
-0.180972938348934,0.0134266573655384,2.44765219236227,9.65656255325148e-05
-0.258660621291521,0.0700617391639562,1.54104729764614,0.000121415116708612
-0.234287139019122,0.0390756311673616,0.234733867266461,8.54773741755121e-05
-0.199551209989773,0.0256692988987337,0.457761349592307,8.63859202373579e-05
-0.125497876618121,0.0354668705057571,0.168267843918772,0.000170099165350436
-0.12272784903484,0.0648581152125804,2.78563679231013,0.00021815474526289
-0.277881547964341,0.0254984593839284,0.736628687724585,0.000184940566813757
-0.282562031560542,0.0101147340097103,4.48541589119548,0.000106218642656986
-0.22989192482497,0.0175076402510057,0.0256125266462176,0.000109019560492517
-0.144424064720141,0.0541634434919616,0.743295210106894,0.000141086863465995
-0.138390995497261,0.0180938696530933,0.506533537070446,0.000142838659676576
-0.117851601008574,0.0111647161625996,4.43906771025854,0.000187377480841818
-0.288737079586292,0.0495208688742534,0.078831426411122,0.000117467415916808
-0.178698007698236,0.0152447135606748,0.264707521329203,8.97823960314509e-05
-0.115423330013109,0.0449320811557694,1.93351966756936,0.000194014062296253
-0.30020137218597,0.055302480352367,0.0534984215549632,9.27492316613688e-05
-0.16769367230503,0.0106727150605234,0.439905887529041,0.000245211753315959
-0.28824933126544,0.0575950877038932,3.88129413523495,0.000100288114754904
-0.260620465005472,0.00504252080472962,0.698286034490577,0.000310953268918124
-0.207820053447827,0.0337811712486507,0.855399678411027,0.000124575804572012
-0.182260461180087,0.0129294224425235,0.0256856217339921,0.000100309418272573
-0.188650672840162,0.0343944746103603,0.290592756028345,0.000108908576101199
-0.283087870873071,0.0266538451797247,0.115154479024422,9.94090183258803e-05
-0.200965397374834,0.0178269872797842,0.0111888183299955,7.83876683981398e-05
-0.190709276603973,0.00646884485748676,0.101262276079637,8.04583407256851e-05
-0.184310793800687,0.04174244500307,0.0581845192137675,0.000109780057837228
-0.156570322426866,0.0362320248745372,1.51768600672725,9.07053520819882e-05
-0.186624688755724,0.0107777344620481,4.30618592934864,0.00012012821773765
-0.182599510220889,0.0277996377908366,0.449703844190113,0.000135365808797697
-0.123010638496374,0.0206721060260344,0.239897994076264,0.000269564352360194
-0.172437311406519,0.0280673562624816,1.79689762711863,0.000113741598578615
-0.281940839970667,0.0740944013849769,0.0139221218668088,0.000111409483165485
-0.243293295355167,0.0655189697618686,1.52150519418791,0.000125232095726106
-0.197604297036807,0.0230774759633671,1.74469242030206,0.000106780665106135
-0.155442894605455,0.00775329568538292,0.0769885547488149,0.000100342202981524
-0.136639404034237,0.0429902401781331,2.92335306859829,0.000136012531511077
-0.31819468941058,0.055823087805165,0.303592175697009,0.000109006748965617
-0.185352848527371,0.0375195620634072,1.57083966976435,0.000390317557814358
-0.125428474610342,0.0522373556755637,0.441422878206523,0.00014243920959534
-0.0543166556687212,0.0213881171059155,0.00601182679417493,0.000102573514185352
-0.141607604482248,0.0121690806751035,0.37240606791017,0.000130822671539658
-0.171802764052438,0.0209780559076619,0.114263377909051,8.2967363659126e-05
-0.131121966030008,0.0114223460197343,0.0635485912177588,0.000109329555736509
-0.123599052427218,0.0243079468572021,0.042353380827604,0.000122133969594076
-0.265476167216771,0.0165818178474806,0.0234427991015232,8.40426504079269e-05
-0.132870672791356,0.0183828324826161,0.24560933815386,0.000165456755910442
-0.251285092764245,0.0160733216411615,0.189203103770951,0.000172408862665852
-0.201633398239447,0.0098631388570386,0.83045562433469,0.000159462616395749
-0.208287511024371,0.0430378574046108,0.396765870086546,0.000155455364006958
-0.223989492417706,0.0250697150595195,0.544990936870107,0.000309392844930434
-0.145112986879246,0.0444108143139036,0.142552852284997,0.00019085987454261
-0.178343556927166,0.0152316992642928,0.968094469380893,0.000127568957724639
-0.173036301011649,0.0118519828387726,0.157889559607494,0.000120406911094957
-0.228693860827456,0.0205175696667198,0.0547735104299307,0.000106659622763253
-0.215292227637766,0.0491847106047709,-0.000117464662637756,0.000127153559641932
-0.170264768944042,0.0575357495411192,0.0776817291217256,0.000119575270558945
-0.0563886733078379,0.0165398534633369,5.80143124850621,0.000212674742037237
-0.19782197747492,0.0262039048869149,1.15522539901327,0.000113878845275832
-0.23210221260444,0.0167557074438344,0.00115151801483013,0.000102063401566337
-0.178140637721416,0.00577663221330793,0.149848293802643,0.000199817616365304
-0.214061560932331,0.0106385605320541,0.027618119404743,8.9191982608611e-05
-0.214848042399339,0.0288776805950606,0.0748792317999146,9.28401500436346e-05
-0.190579305174579,0.0222482389971593,0.279603726967374,0.000175841333770339
-0.203348229559889,0.0135362454837804,0.748304842718624,6.5679761057328e-05
-0.249272633009602,0.0602543006498405,1.38245602271129,0.000145540828370456
-0.198199915973412,0.0345154236708155,4.08963407087121,0.000117887395139053
-0.327651266243394,0.0786409071247635,1.13417034964751,0.000127368495856658
-0.302688582482713,0.0198660575780722,0.457189851352395,9.69283493126369e-05
-0.135357032810442,0.0070809833850054,0.0135638532240628,0.000169357658127301
-0.204404178615737,0.0687264666253232,0.00570930898780013,0.000230523156960108
-0.256940335066336,0.0337773129812382,1.5023146141298,9.6630854632553e-05
-0.226701050934008,0.0705758808350075,2.03240899538486,9.96447282966232e-05
-0.130584977552843,0.0139074900863428,0.972947869165783,0.000245416800075069
-0.216507229783779,0.0085785904488959,0.704378403206093,0.000136751676467145
-0.162365385370768,0.0322475714926201,0.233547371900669,0.000127832495268187
-0.300157075739578,0.02600655627275,4.95289553744677,0.00010899664186059
-0.3076208379111,0.0325302265172453,2.04569708309413,0.000112067831534913
-0.249019162810179,0.0287273608607563,0.436086228300536,7.81323606002113e-05
-0.221028226514252,0.0111029796012645,-0.000145176812140572,0.00014939433213274
-0.220765312569992,0.0252065659122564,0.710065861955822,0.00011383050199584
-0.0869938383590967,0.0380892715287774,1.01240862004204,0.000109226600895164
-0.173774860388801,0.0384561483972161,0.296484784200303,0.000166716060923945
-0.255393999221222,0.0423451611327232,0.300568734860434,0.00020696778557937
-0.159811110069069,0.0507968215269044,3.0323176000056,0.000127309863667683
-0.134365968771061,0.0736838643874296,7.78134353954503,0.000140514514472158
-0.191236710079528,0.0478164148722536,1.07598823702006,0.000201853266966046
-0.130178743054558,0.0226200593409049,0.00090588398650666,0.000101367577249899
-0.29781261659802,0.0717065429422507,0.50206411864727,0.0003359377704044
-0.172273962442787,0.0228998504534388,0.325922438110863,0.000114638872590244
-0.145796234263453,0.0470111691189735,0.364312131044682,0.000532983156249696
-0.235034594114822,0.0204385933397281,0.0874719055975639,0.000308509985585996
-0.0126383178791937,0.0455001457384584,0.149551736087549,0.000321444936714642
0.00399266144676058,0.0706064075614092,0.796185159720619,0.000150180672188832
-0.170667235214071,0.0185950030986165,0.0384322428999311,0.000134952448740446
-0.208072114516041,0.0105438942818824,0.219519402120362,0.00013202326946371
-0.201372069726321,0.0136202834606699,0.00965316162699418,0.000228631874046119
-0.103233344043232,0.0778915247836672,1.91617224052273,0.000170956068242428
-0.133755134185638,0.0710233891987423,0.0209036761233076,0.000424464399603898
-0.151972094022118,0.0642452832260143,0.27315226445871,0.00016002022633905
-0.111381793931536,0.0259836319359107,0.0591091993973365,0.000501102313030044
-0.105889291426594,0.0783920954116726,32.6428481366252,0.00021565251769776
0.0593758324814074,0.0369916813384171,1.09087941978713,0.00020543563405774
-0.108412103900867,0.0145657830658322,0.00504265866792626,0.000100687114125588
-0.0748426640483564,0.0242392471142978,4.70527373750961,0.000143684058816748
-0.168230109435903,0.0260473752314313,1.14604142430492,0.00010800561118045
-0.305337859055641,0.0985128143353145,0.211138643388962,0.000104917264551741
-0.298553093091659,0.0689946686033224,0.412314855787391,0.000102565695059331
-0.169199430208232,0.0183987146963302,0.321994214675328,0.000167122582041029
-0.112350338542206,0.013330238472277,0.0275701253856562,0.000289748653202754
-0.036455014719239,0.0370268932036239,0.188897040821134,0.00020735291611272
-0.0481475227990984,0.0175525146603671,0.584497653250379,0.000124348154046078
0.0181446543324847,0.0261113163602672,0.0203389273774023,0.000146364645357958
-0.0366727319918833,0.0219577665946841,1.95434427681839,0.000150438531657014
-0.0295413502484111,0.0214222580890108,0.206483939187345,0.00029615075809131
-0.263590409779836,0.0303208870944412,1.41843903680512,8.61205913982722e-05
-0.117815264428914,0.0292541222352297,0.0891591298218099,0.000120633398742629
-0.0933824938292725,0.0406991312493854,1.32607430219707,0.000181855942730029
-0.173740546647329,0.0144460059763101,0.194806862665739,0.000105056466202542
-0.0681706163858355,0.0781643744586893,0.13914098476596,0.000222509412890526
-0.0292781944794269,0.0699808528102131,0.472472050509401,0.000170881385480273
-0.266929814959568,0.026932363036821,0.315942750910356,0.000150103253505782
-0.194481140758429,0.0107193030617983,6.64426423195444,0.000113874861770184
-0.255737308041471,0.0426724696027983,0.292409698994151,9.05457036729746e-05
-0.194629255568742,0.0367676713007948,1.91422542023641,0.000130058844563903
-0.0668876978251016,0.0123393521297341,2.96169088495026,0.000139508196201919
-0.331690745777036,0.0948707199768998,0.695071740354846,0.000107352059479555
-0.13634383359718,0.0168460934252743,7.37686046084647,0.000170505154646809
-0.0926408910087233,0.0262218599522509,1.09768714141354,0.000408657419245816
-0.27821874699815,0.0259901752635463,0.242129334347046,0.000104841620296881
-0.215359612480644,0.0413001781861094,0.00130992771285196,0.000170882846201924
-0.238027906600312,0.0622814492186836,29.3642995198053,0.000130787821984575
-0.187789688763709,0.0303075253110993,4.74799648359636,0.000123954253308073
-0.290042748542735,0.0465414941983919,0.29277575371716,0.000114966049307908
-0.142993461892986,0.0633453248027413,0.204585688656769,0.00014312287118243
-0.0723475945844237,0.0421701236895389,0.00138577599227782,0.000116395521428028
-0.0869235060195189,0.0246397032479389,0.00399639057062398,0.000112813796721529
-0.272730097238939,0.0381770124320719,0.0122912927223507,0.000103059858120675
-0.126908135038692,0.0359879643231725,0.687511691668677,0.000175938229730799
-0.168115264013684,0.057142167211457,0.378607703645372,0.000130669968565661
-0.249539179457426,0.0541915592285099,0.200799658517406,0.000127844931423528
-0.153733014512223,0.0100295066066312,0.547748046445991,0.000123221286047457
-0.170990386114681,0.0198363930179606,0.0197216819059254,0.000141722607835963
-0.193620373906239,0.0360288568038399,0.508042314452681,0.000123434129638321
-0.164530182601355,0.0145675166552946,0.0485012306988676,0.000117116017341251
-0.17906441518123,0.0150217312947467,0.299119003827643,0.000315277964855846
-0.173888581065975,0.045525249253877,1.90622081471616,0.000128592813081319
-0.20368495847622,0.0522571235907051,0.491106699519268,0.000137537022091863
-0.129373199586847,0.0338520155189031,0.00733484917854575,0.000146753859413626
-0.169379245416949,0.0452911132738146,2.78508525265128,0.000134899594096517
-0.199331779890534,0.0286863251632069,1.14518842689309,0.000461633241477727
-0.122996863705081,0.0155284342776389,1.83624918636375,0.000559815264520081
-0.183584252058007,0.0647149344130037,1.58887849306109,0.00012530989490417
-0.149128453262394,0.0415345440350428,0.497228467754521,0.000120517907922245
-0.154970886619962,0.0526596832511071,2.74157331916053,0.000121863930259774
-0.0944421051410252,0.0479791314934476,0.487343834057773,0.000132360755823263
-0.139941626305959,0.0114373576557832,9.41065300362019,0.000165003786295261
-0.176358134635199,0.0144803070318165,5.33893291362703,0.000121091361530627
-0.117557981059444,0.0331273527447571,0.151339615956049,0.000177138771519665
-0.166492616215021,0.0577650197112384,19.3992865514655,0.000117004710430006
-0.219758852498135,0.0181888951417791,0.0876942022941405,7.83654880781313e-05
-0.236624022205464,0.0528946996922213,0.0311641695798469,8.74983995909816e-05
-0.177575909710398,0.0209324115242543,0.113844535347985,7.3341434533668e-05
-0.189369696945725,0.00547903864831307,0.71975602420097,0.000118873315611985
-0.135025927388191,0.0201656039753366,0.0452509040086456,0.000105343518641578
-0.112158310421603,0.00799316945634754,0.186954726877607,8.74953959477852e-05
-0.229352888495113,0.0097951336360364,0.061565889327758,8.53838852660112e-05
-0.0267082725956843,0.0989194506209329,1.31647501841787,0.000122171435332248
-0.26787153834925,0.00758208191071647,0.0852793252287028,0.00011229110710114
-0.310828474798122,0.0130085811618002,0.533554363040125,9.86162175115684e-05
-0.173141053402506,0.046346823436852,0.178784550705111,0.000173625820087386
-0.211980122821756,0.00968414946551402,0.557486401620384,0.00011075233867074
-0.0788951753528273,0.0151574977067898,0.108224557995967,0.000188417319425564
-0.116299974514855,0.026055255817155,0.540160847560258,0.000294129516899607
0.0431564886706942,0.0551493826836742,7.86894069635496,0.000176709111425641
-0.264617671151196,0.0662425489029177,0.00252070190343223,8.12586298011566e-05
-0.134388509947799,0.00872919567326431,0.00505334331786239,0.000139104448434149
-0.141791611331186,0.0361894907793639,0.133676013692386,0.000147711227154833
-0.125437598028715,0.0648231036145445,0.299289032731838,0.000125733795334353
-0.241974282121131,0.0104880718359995,1.0771139040152,8.77813326542491e-05
-0.249767281864714,0.025673177587722,0.596560549321288,7.85226850370813e-05
-0.173672324784932,0.0431624010123842,0.0670479621258411,0.000313037846233892
-0.272136688332448,0.0365428278045818,0.0477328191143482,0.000128416875812486
-0.153756077383302,0.041771465553424,0.929390655562955,0.00023806589780161
-0.172998073169831,0.0191087933892001,1.71896233536602,0.000191986144452793
-0.0974255118563563,0.0426186933093639,4.63840678158133,0.000182212427654206
-0.134643401158925,0.0758147722009716,4.77343900772034,0.000527005735077084
-0.183753120352011,0.0312416408522086,0.674176030686332,0.000143131577869076
-0.117721357094342,0.0118962254408066,0.0285085991741498,0.000425003471264646
-0.1702724311693,0.0277385924848118,0.00891969973004137,0.000140514953102693
-0.147589578900344,0.106662105870099,1.24174766651601,0.000175519897454771
-0.108376945046336,0.0192032138212021,0.0899079341043571,0.000144700293481529
-0.245131986677636,0.0154621253462341,0.0229348782245078,0.000188022846861812
-0.0935526026204773,0.0176252428663804,0.434651745869317,0.000134739841453317
-0.172521901003625,0.0403185514170547,0.0746753799090139,0.00011839382283149
-0.189711249746735,0.0240615247633771,0.271247980795862,0.000199477212786414
-0.155881913859776,0.0309951985289051,1.48612846316947,0.000269062501884195
-0.0756160872701365,0.0303627086860947,1.25941672707874,0.000129097178653777
-0.0969135762746079,0.0545793899171918,0.530831894727309,0.00016684988282619
-0.0814106086426042,0.0811694604568315,0.00166354881547047,0.000334577332987929
-0.273934228763649,0.0155159895014609,0.0221915804323048,0.000102975866856105
-0.2899146625881,0.0160526763321963,1.45696187117779,0.000105232679080404
-0.19397998758754,0.00935917767696692,0.0306547785126445,0.000100860811493132
-0.119348718530793,0.0587289003508834,0.240942982997058,0.000102355462895752
-0.0785135158435152,0.0387217132249345,2.54178712905031,0.000117159652125025
-0.296209584321281,0.0205671863487816,1.13968650340282,0.000128810450793588
-0.314115702000481,0.0423131287320743,2.14294004279341,0.000128231774750792
-0.285757421516619,0.0369899359355205,1.30900113036733,0.000125103671101268
-0.117497915284951,0.0624475195784178,0.941224999148589,0.000153511899761907
-0.0282253057297788,0.0301801136632632,1.13928693316598,0.000140994289359039
-0.022683437826319,0.0176065409681129,1.08194443785169,0.000155497523120436
-0.213402847480353,0.013759132564822,1.47186828388902,7.44872229028324e-05
-0.254439532413319,0.0173864663308854,0.0414068263910891,7.57889634110954e-05
-0.28957950426798,0.0123120803821257,1.80314201076892,0.000107441513863933
-0.128819135272197,0.017541085744422,0.716523191412102,0.000190309485268272
-0.198579777469495,0.0243113425916198,2.00705649481995,0.000122665633638425
-0.0398121881836847,0.02431707652438,0.0322255726127854,0.000257867717619084
-0.290647756558019,0.00654271713991012,0.0155970949546116,6.8124507717026e-05
-0.248028280222094,0.0134581965868366,0.646646280488482,8.59439138843565e-05
-0.269677632596064,0.0312063003628941,1.23846165034999,9.39688015467265e-05
-0.309106051176542,0.0261252486627356,0.0171048794363479,0.000200811069376549
-0.0758188694782617,0.0498488344835679,2.79912089858216,0.000361858822609171
-0.0925405207287559,0.0358670079370699,5.22610241268094,0.000181879068800742
-0.201063983589363,0.0498750050565228,0.0210458408489698,8.41169254372483e-05
-0.144623101343237,0.0292192612070768,0.211490995186392,0.000170986756165885
-0.100849285298836,0.00675570396490714,0.204155206596002,0.000148698191814586
-0.160749169856289,0.035204446930214,0.513542058562375,9.2961094489296e-05
-0.236207253954489,0.0308828587107706,0.268267650086056,0.000168629951165134
-0.239899740524881,0.00942114603692605,2.70300410372257,0.000117972002448506
-0.178764361547494,0.0270232690879882,0.34200752035855,0.000144935934186073
-0.140243054257288,0.0151382862031591,0.00131955617945601,0.000494765890057061
-0.145595151365081,0.0266131715616003,0.189811800432071,0.000234546891121353
-0.204299275672403,0.0659367068880356,0.0615045930847574,0.000106362918388076
-0.0816564488325192,0.0267799131331748,1.75170781786418,0.000114101612024606
-0.150976560369613,0.00967672483394206,0.358889715824005,0.000302352365652514
-0.134047630220972,0.0103688116157608,0.0777099839233171,0.000113490662039189
-0.262977170262687,0.0200886386490345,0.00973286877552421,8.54773447026814e-05
-0.177719446777305,0.0159260060711105,0.41956368197186,0.000200307403572422
-0.225625143481751,0.0308087615831107,0.414467950323313,7.83351742284755e-05
-0.277384426676837,0.0544068832754958,4.2368971824807,0.000277694100010364
-0.173215981821547,0.0333010863253979,3.57921093300911,0.000142121559347309
-0.21488948489503,0.0474830136295256,1.53087916860014,0.000263760125344415
-0.286016069305951,0.0364488033101229,6.39425997924535,0.000212988125186991
-0.115642481070871,0.010550763111292,6.63935440137282,0.000201406613527479
-0.0846413895521929,0.0819326738640309,4.30425828835359,0.000621864339554861
-0.100867626707835,0.0460980573055158,0.806873467127233,0.000158303663350203
-0.37389503336721,0.0196359732940972,0.11679017464951,7.5170812723859e-05
-0.325013260459824,0.0144237169859053,1.22578723408928,6.80821536100226e-05
-0.276692097285723,0.0237915417918404,0.266276035813551,9.58151765856163e-05
-0.0831118034529088,0.0358377218702945,0.0129571628440303,0.000162390677614607
-0.216882431805393,0.096212809618324,3.52695116240117,0.000137066499787918
-0.190917272700374,0.0588349545118137,0.363497752830442,0.00016856967143598
-0.270926354173099,0.00900558944788737,-6.3142720413095e-05,0.000113620173449913
-0.269866882562399,0.00863878307453252,0.000919369147770173,0.000148103826776299
-0.25443074477896,0.0114379776899421,0.00897401262638472,9.50107208212908e-05
-0.238503097215938,0.0167961799059449,0.308313044265748,9.49095087313061e-05
-0.246703559998862,0.00802842708543993,0.0845213371667889,7.66281990749765e-05
-0.289262101311306,0.0425667431330508,0.0970146200549335,7.32809599932845e-05
-0.257014701273628,0.0572361802933395,1.72637060381814,0.000105545636916888
-0.2275570257922,0.0100351061526597,0.156897037287581,0.000152720658736478
-0.10100836161974,0.025943584759087,1.10505195022086,0.000172914809928762
-0.274119700090008,0.0686973133803174,4.88839328732246,9.67045533770304e-05
-0.111176443153798,0.0267378738427399,15.4205813979513,0.000152431341899788
-0.114737692654978,0.0114676888858605,0.217294647091455,0.00011364917542257
-0.118690461690921,0.0469701143582798,0.514255787848154,0.000149745150265467
-0.0123369426436714,0.0995569085800149,0.000303885867460813,0.000429248318242374
-0.120214805234059,0.0358634966391738,5.17153296706439,0.000377786278051674
-0.0870581542682872,0.0330343629559949,3.38598494069867,0.000101433356674696
0.0835953883322277,0.0418673019340135,5.6709515039429,0.000337822867366544
0.0573966504079789,0.030617762413487,2.24774644802678,0.000504583426668454
-0.0440725996932627,0.114674198273779,0.155386765489478,0.000381719941936369
0.0335818303228402,0.101827552823141,0.283908068568287,0.000401594353982079
-0.252979552303619,0.00697170045442254,0.415476334329788,9.07990733483056e-05
-0.122752982235825,0.0138461954793832,0.43420367366919,0.0001065125826375
-0.141428469759086,0.0229204536306235,0.128343171239937,0.000190971809805203
-0.213514759808993,0.0630539406813724,0.142979438115649,0.000107935923326445
-0.152220651484688,0.0162072859837758,0.193574107612174,0.000258747058445076
-0.217375795509987,0.0471113273531757,1.12502623550865,9.62064460017535e-05
-0.029191786427723,0.0765051528843662,0.166174204920217,0.000495268366448919
-0.159700983234978,0.0479875628902711,0.918836224378036,9.17365903951342e-05
-0.0767950196281653,0.00738556638767918,1.18786614504682,0.000130025529902795
-0.216116537873,0.0312679288249486,1.02370173184368,8.6424513517355e-05
-0.104259325492426,0.0242506126161953,2.76700659647269,8.96712468125179e-05
-0.138108340878764,0.0302968061980395,1.0239204226743,8.65499804479496e-05
-0.140730378543019,0.0416916204837031,0.130027502745827,8.95582297438029e-05
-0.0810717358909439,0.0250913725945828,1.51477511054125,0.000257172135698298
-0.156248430475451,0.0481473396624142,0.0190713547095864,9.97353353737019e-05
-0.21672290269026,0.0118148456405927,0.175425122929281,0.000106873798322303
-0.1288269344225,0.0189088776777753,0.654306898403207,0.000174441984700892
-0.227210121173987,0.0346168170290346,0.736747146390713,7.9207953268926e-05
-0.224259403424171,0.0119519662258563,0.0133457256111912,0.000227278104879248
-0.188022557716795,0.0394034314123741,0.877908726121385,0.000107414292069228
-0.212707939299603,0.00793199483205166,1.96746936597947,9.33867142562968e-05
-0.144156408713828,0.0115828587327203,0.187288364831749,0.000121376902038163
-0.293353507754891,0.0145937828217387,1.05788685161276,7.79582600330782e-05
-0.110407452943118,0.0458710496924251,1.11289081466397,0.000127079708813737
-0.191658639066082,0.0280482555208688,0.42513860356041,0.00040219802600732
-0.122042587129383,0.0647775895774396,1.36561400359954,0.000299358324700062
-0.244307186351444,0.0217072898672373,0.483263344042839,7.66027368816049e-05
-0.280102316030808,0.0175833432749029,0.00968602849923782,7.05964968432487e-05
-0.201548023345114,0.028426740172783,0.0450111777442341,0.000142729056204306
-0.141396143939075,0.0212146117703392,0.00983299609292484,0.000156377569273872
-0.14697741609578,0.00609470868621582,0.605071175008878,0.00015995012894356
-0.225512523616404,0.0141958757056183,0.236470535081902,9.45729645880689e-05
-0.224586841070626,0.0274844455534878,0.104859963090846,9.43268617591621e-05
-0.179076770884931,0.0117602366986673,0.22911018199567,9.31556524416932e-05
-0.182033336061208,0.018368666169022,5.13954292429626,0.000100531488583221
-0.0592089165320903,0.0198607252686794,2.5154836178919,0.000142542788469079
-0.145575721981625,0.0475951409883469,2.93325888826712,0.00064518463016433
0.034117873403827,0.0225859433159492,1.79926278097251,0.000380734937654384
-0.0091411405008203,0.0133154358643889,0.0403401812148161,0.00014836240351945
-0.178854119502962,0.0191832353141642,0.00956735666095638,0.000123630342198734
-0.148068462036003,0.032470536996407,0.0378468835544127,0.000180785171694334
-0.199182234936354,0.00659529761579112,0.0305373704142578,0.000185269045561178
-0.0452664844831859,0.107592181152754,0.160825203986816,0.000177236633971856
-0.159415206551423,0.0552378735812462,1.19365837474977,0.000121249383444991
-0.252933989971958,0.0103542582148593,0.175005634601086,7.62345178012212e-05
-0.190403790885601,0.0376949017891004,1.54698380552465,0.000154825342094243
-0.187919424069586,0.0217003732282362,3.39680890680859,0.000440300670430814
-0.107766073757013,0.0750547916263835,1.2813910562619,0.000175631126454916
0.0209244412999485,0.0117815560687395,0.377554110142799,0.000219995249973649
-0.138661867248932,0.0857786394339401,0.213536696954753,0.000139631595582455
-0.141199578811613,0.0283534834127081,0.0542535891054572,0.000493653764627818
-0.278549645284248,0.0110915703446651,0.230519476696167,9.38896442057106e-05
-0.189723410775776,0.0108030787991087,0.878709260261622,0.000125610122086663
-0.22636786990178,0.0112735936091618,0.781716153249243,0.000138736894030025
-0.338038513200174,0.0214489206660322,1.57116112114502,0.00019450067336118
-0.132211417341611,0.0321515664983483,0.00299809891202726,0.000205319697334655
-0.131383302389865,0.0498489653527535,0.319244745637808,0.000146250589756505
-0.274529581525057,0.010289659538025,0.00440232516387856,0.000127181447323902
-0.220149702092274,0.029894402388796,0.420147219128873,0.000126390673690666
-0.0609551405801992,0.0198374160578673,0.00667789651903683,0.000122763992614365
-0.172730239702956,0.0255861949456485,-0.000127656168592841,0.000127701809640916
-0.305071202783839,0.00808321204233534,0.560577121948863,6.59459613480357e-05
0.0542145640589961,0.0328307763528534,4.59104838710986,0.000445825876070824
-0.0997975729751582,0.0135348435368607,1.4584720540267,0.000178150743110722
-0.189466461650705,0.0408024394364273,0.470038987720185,0.000147876536613861
-0.196766532655008,0.0233162768007181,0.0487200198011602,8.15006375910587e-05
-0.263220466709185,0.0247051489242178,0.126127991966219,0.000187275559960578
-0.211477426950409,0.0192919498389548,2.19673210201364,0.000270537642662886
-0.254523991087945,0.0422302110000215,1.05013422839726,0.000114179337232727
-0.192369232408595,0.0292172874617404,0.3292662448141,0.000363491835002848
-0.268456541795998,0.0282359587711273,0.0283111727731,0.000375627040797972
-0.149878719103405,0.0110876803928647,0.154289468472558,9.78777448227815e-05
-0.186022932516801,0.0139926567027115,3.90796635807457,0.000241990490782766
-0.201880281684859,0.00806342569708211,0.705328802447825,0.000175140571562411
-0.14402222251289,0.0219301228514932,2.74553165194378,0.000127216282745195
-0.258739626973126,0.00606770660723436,0.587784971026084,7.46898787311358e-05
-0.173298227530729,0.025422366106179,0.903182745894489,0.000104074116998919
-0.222577892186439,0.024984047088188,0.205462902484588,0.000234713054065601
-0.108154980324215,0.0495865281440843,0.00167239605779178,0.000153648287459485
-0.182106830420778,0.00884781190925074,0.0199583811486745,8.90854566666893e-05
-0.141248466799845,0.0285448327329516,4.3092047051789,0.000167183085231819
-0.183307576939823,0.0352804105177851,1.32719169570422,0.00031360997579576
-0.365317931332424,0.019378569258664,0.0397493637714048,0.000105158963596537
-0.241465949830515,0.0141680587639136,1.41185834555158,0.000356840968234212
-0.268718228215793,0.0165857623745297,0.408388401628304,0.000135044897473224
-0.215054451124499,0.0170547530879002,0.00875516380574884,0.000137381346285568
-0.211064170445535,0.0300910617133735,0.0210773184456865,0.000104890224923501
-0.123815576826011,0.0278353069144158,0.0500553933987536,0.000104655650414712
-0.165767091037831,0.0125830397325367,0.4215129322896,0.000150558354097033
-0.126940095893129,0.00636689215594675,0.32565051832643,0.00014660775663544
-0.163812452520928,0.0805182248118945,0.0373231401224671,0.000133007723939063
-0.0549411033942841,0.02977941412661,0.122212303483351,0.000185020572546781
-0.252966080840518,0.0284303248928871,0.429921727404653,0.000185887116411434
-0.291433227925407,0.0553960000163035,0.383258281634448,0.000115993037215765
-0.189803739066289,0.03424632390637,0.148086887869193,0.000280673795458633
-0.0035847334380965,0.0358402632328686,0.0275912545650436,0.000157342294563884
-0.0131886864775426,0.0210688726604479,0.378459461163668,0.000163437694326408
-0.0776380071205953,0.0325009560990525,7.31686572470179e-05,0.000376293626938881
-0.17149862974166,0.00555555604467407,0.122355457856859,0.000217473199519443
-0.220739828586417,0.0103599858066448,0.0744258086630091,0.00015151400244393
-0.228915002553666,0.019232019679786,0.498159322191589,0.000257229024224045
-0.101726494293981,0.0244925107427074,0.166873991706475,0.000169473900200853
-0.243646710717863,0.0144624748650746,0.0930402293744718,0.000103571392482745
-0.190317626067782,0.029657814325113,0.0231652672400456,0.00019500872457134
-0.175000736149506,0.0298745481830444,0.690287717177065,0.000198334378828577
-0.243021616735503,0.0300012957148765,0.734141845326757,0.000214637095034945
-0.124774718161802,0.0261994324485093,0.403723745598533,0.00014528355770513
-0.191390007281171,0.0153990741065271,2.9092448656882,0.000118316221151071
-0.11634117506144,0.0150182892446304,0.183345597117338,0.000139179850911966
-0.177274916873161,0.0149084561062703,0.0479968627193022,0.000170057090331088
-0.103512215622396,0.0117762808760357,0.00053790088703287,0.000108737005132998
-0.154077185162654,0.0155341867154631,0.0546865310140708,8.68269213839733e-05
-0.0144269232218521,0.0180006891771462,0.322527122402252,0.000304170599330505
-0.0612767831891473,0.0248349982574233,2.57157481206819,0.000205658313357887
-0.122050123597023,0.039975024186642,1.3071471388972,9.14712718507168e-05
-0.115050680697475,0.0127437088025159,0.054918870312037,0.000150106414122932
-0.211169980276194,0.028070214174277,0.132788712795913,0.000121535954824582
-0.189151339050985,0.0226562300300111,0.883382717429586,0.000174980067949657
-0.163027439510112,0.0396284012750831,3.14634523921167,0.000279299440153367
-0.162767493460144,0.0186840844427984,1.23915935354807,0.000240793722211301
-0.239444080903226,0.025877481859439,1.82278771561507,0.000120043351611304
-0.177075547297495,0.0195775578291421,0.32464778595588,0.00011237027679902
-0.217275170397103,0.0134272811920532,0.346074441447608,0.000176492268428146
-0.237653603322516,0.0386955822724554,1.79164613472013,8.1234213827494e-05
-0.176102064857915,0.0522310758196707,0.0298248908447632,0.000299252104719812
-0.289033013436822,0.0295861291201768,1.29067820614684,0.000308778419077563
-0.0393269931729861,0.0362546977596803,0.757234920195239,0.000128395514625971
-0.0233854275608968,0.0643862836145161,23.7768772157672,0.00019280847665249
-0.136355852243281,0.0119623419140559,0.62914806300768,0.000131703956055706
-0.0103545622549285,0.0662632988742202,0.266622219326758,0.000130032942270237
-0.108082539390169,0.0318791142137889,0.0402962646951985,0.000137891404867475
-0.112427956557903,0.0205650033134536,0.00702615826250015,0.000133266522110324
-0.12363291220981,0.0602154301029846,0.0096640581541688,9.3760790517102e-05
-0.068879088517821,0.0293843412373484,0.0137255689721144,0.000109001412989712
-0.0497343459556592,0.0463182561290388,0.056589539812197,0.000185946167066706
-0.090544349979239,0.0319253602417155,0.0802157934435181,9.21641412207417e-05
-0.122929733960346,0.0245087095383542,0.928819138379749,0.000184069824115057
-0.11192135592461,0.0605845944190587,1.32974264579954,0.000220060324059578
-0.0167028316087451,0.0797901703221303,0.24805394598138,0.000199820353175982
-0.144977250810918,0.0577879897318598,0.410862253237152,0.000190487361686137
-0.0783532257457995,0.0409714821376338,0.266307474425186,0.000276749799480038
-0.167492902355478,0.0344851195194114,0.0833021663914651,0.000274676707446107
-0.13107470160137,0.04952252513215,0.148286976453906,0.000199354351946492
0.0634996801654212,0.0867296199385284,2.29496675666329,0.000144231341446526
-0.183270404696096,0.0422045123270913,0.4325015963075,0.000197867988793481
-0.112804846084606,0.0491638596388819,0.0974120163311007,0.000115917107558169
-0.157683384352913,0.0275472575783074,0.652380504996746,0.000205449821680432
-0.130015557027972,0.0433817853362102,0.0721096356423079,0.000212886142275593
0.0358299396427428,0.0463281285116464,1.68795635016773,0.000361757780275412
-0.166738119520946,0.0204825316883003,15.7254628355876,0.000237427095665804
-0.18624835024037,0.0652777906340524,0.798936614370871,0.000157571019367207
-0.112783088492584,0.0180390250594904,0.319328054911299,0.000411525202001409
-0.146150188483331,0.0186523744215559,1.71851182164064,0.000455679705559442
-0.0297906976178374,0.0245564083862379,0.376900694510395,0.000122124540601667
-0.135404212071444,0.00729762989460275,-0.000150674335693428,0.000198150807113664
-0.100914091998924,0.0256846635342119,0.0160720888422392,0.000164315427678719
-0.165162033008619,0.00565301840968507,0.00358905342054422,0.000200340093245192
-0.118978006002353,0.0313449831408426,1.4138231887522,0.000197485205364616
-0.22938808451317,0.0171427433173448,0.0394188796088692,9.17642642608946e-05
-0.16923150966458,0.0257019610561486,2.31454102927253,0.000187515984461526
-0.206503004295433,0.00521266234490342,0.0787340465000895,0.000201586161043701
-0.0850117026525262,0.0105907562762129,0.939028312943207,0.000109881979207836
-0.160668774626015,0.00618199964048628,0.212897942172115,0.000399175630913546
-0.188259373664136,0.0116573617050823,0.0134854160367532,0.000109599608875326
-0.196051170914279,0.00801327450323582,0.850139408699758,0.000183373080419949
-0.226576017601014,0.0317660319405468,1.85773783130327,8.84346102221208e-05
-0.201593580984219,0.0327374338849784,0.761995647802508,0.000145765131161776
-0.210270974738241,0.0236750641884092,0.038099961704372,0.000324696487588094
0.107476301894033,0.0786766803790588,0.266233163020674,0.00016467863070466
-0.237316206342921,0.0291219664088124,0.125749779344514,0.000201363142745197
-0.180091185672849,0.0511166796280784,0.444986378871435,0.000209389269319788
-0.111854136195258,0.0154866494231915,0.0197874249726169,0.000125373539189758
-0.171512247265836,0.0189923548193906,0.951286477851111,0.000141083155235551
-0.0879160356473472,0.00763339104539978,0.240968410001102,0.000179974710757748
-0.327515098287775,0.0552540314697611,0.0266131429214944,0.000128585429065043
-0.0983987498445326,0.0237677570710548,0.049537206378714,0.000186145880066069
-0.148819676613025,0.0477446807914798,1.9732531838431,0.000171085798343354
-0.16727639007661,0.0212748000200853,1.93946703441383,0.000473090698864598
0.0303263802134005,0.0246564098929147,0.866834680340695,0.000645768027064979
-0.087552379007401,0.0473915697621921,0.939393741915261,0.000196620370618842
-0.235051127780566,0.0237557673190417,0.00115308427951303,0.000107527022503356
-0.13628626483996,0.0349665789265657,0.585051744969947,0.000158238266026142
-0.180150266926574,0.0252062511048114,0.813518225207287,0.000104955840398668
-0.168942671870263,0.0903713166899526,1.52233806090524,0.000213732308390168
-0.327810080133764,0.0237626053805521,0.340994465121534,6.75615682922314e-05
-0.182326861666122,0.0261828233147631,0.273209385221089,0.000255611165881304
-0.144977693743004,0.00907637509648581,0.161912015121117,0.000274873732020325
-0.225064575546088,0.00927221337069007,0.103933792304851,8.81409494052349e-05
-0.31471695008757,0.0141550379910116,0.0376819373371452,8.56961848749419e-05
-0.192172740333944,0.0185303605555482,0.0548245580552081,8.92665250557546e-05
-0.132447417054541,0.0345416333460295,0.0909828544964425,0.000167115567632454
-0.215055149485727,0.0160603022385889,0.297811804206543,0.000353864633492182
-0.116514965254567,0.0222275269323924,0.0192630870260441,0.000195369868130587
-0.220481821694849,0.0988186809486972,-5.00951020144951e-05,0.000141726966561918
-0.130652033910081,0.0657803833837872,0.226112547557285,0.000474264118699624
-0.259520294090555,0.00981554122528975,3.14515099406355,6.72892168154884e-05
-0.20685846631635,0.0209286120723612,0.0216839640422617,0.000101046204164635
-0.11070911961165,0.0202506894201913,0.019084164035252,0.000220528867133365
-0.335825149121138,0.0381672427597108,0.178924411305513,0.000144369039956858
-0.186720513728635,0.0161178951075956,0.228928013988409,9.68737932438345e-05
-0.259085473970365,0.0298890651549738,0.10964652292598,0.000169350858704911
-0.176962095851996,0.0398818637804831,0.170813272538608,0.000142160497847499
-0.186954305763371,0.0200499757831861,0.453940631951306,8.24288305357294e-05
-0.161248917966029,0.0228366109627449,0.288473478076177,0.000103392498414342
-0.227087241557511,0.00630775276552447,0.155722935327233,6.9277087370646e-05
-0.0812720636248868,0.0147647094473124,0.0146018210792147,0.000208813366908073
-0.27742402473926,0.0242103723752426,0.0202549540322553,9.62259119871885e-05
-0.153389238127447,0.0258107205673601,0.0169669114697719,0.000116427486175743
-0.12357972314149,0.0334135750704296,0.445787641357219,0.000135828438922841
-0.102483752697242,0.0360334826285308,0.268486719625874,0.000201126659686728
-0.186249921085306,0.047588751201372,2.24179634086946,0.000160038419322142
-0.219485147228497,0.00574348670052678,0.08231184741555,0.000130252366537854
-0.228129369522461,0.0410774154167296,0.0260647337344111,0.00012567536935464
-0.0637169309966005,0.03061491453334,0.024078208117465,0.000135243226392617
-0.14267999971902,0.0228816049998934,2.13846477474852,0.000180518143247935
-0.0354983858079195,0.0377558978315364,4.82673395930026e-05,0.000293905821989358
-0.0754155989603519,0.0470920519878736,-0.000177849536187014,0.000186515678617281
-0.0929450329763842,0.0599795966656671,0.542798989862035,0.0001147278390597
-0.164636536748935,0.0223132782479663,0.364503902831386,0.000279576889916906
-0.112791243190569,0.0587542320486181,0.1483829325005,0.000388283765018229
-0.205863160773121,0.0217698778892161,1.33629420503594,0.000164766927663329
-0.0403837278278868,0.0248897574671164,0.457251629376552,0.000162901268509837
-0.144080850963932,0.0497595240626879,13.9522857854762,0.000413164110394466
-0.0711640073615948,0.0142971617495035,0.012699736190281,0.000112556415691414
-0.132171995265875,0.0472802041386721,-9.86395823674702e-06,6.86628530774389e-05
-0.214050985354858,0.0195176527747003,1.17153666073393,0.000136203350522263
-0.172653999344002,0.0648219511174572,0.00318577658866111,0.000320550446945586
-0.206951441268278,0.0272009953202982,1.55403303655458,0.000113381747246433
-0.120627389366642,0.0234761892692779,0.017178112502543,0.00012182123156483
-0.130181510671887,0.00514974269611818,0.020632632591734,0.000151413983108346
-0.138938514667787,0.0163109373756209,0.00573144564832226,0.000101819437680721
-0.177335481264791,0.020781756442008,0.130390734222368,9.99178875854128e-05
-0.196449703145988,0.0496630680461514,0.00694110330319854,0.000105075845926354
-0.0860489547843349,0.0105742736978181,0.236282017134115,0.000125661436976491
-0.144173690874597,0.0131626766801351,1.24539111504555,0.000111174347821786
-0.0544648377297924,0.0619519101168652,0.093133587692793,0.000136226322404912
-0.170661880357535,0.0234350392841529,0.0805788476533992,0.000330639845441425
-0.0617831357770086,0.0198079146365434,0.0570851029422159,0.000134213617258573
0.0273523150224666,0.0474932273921358,0.529109315633542,0.00013233286409159
-0.0375692992363687,0.0138712199311123,0.0881704423877653,0.000153127533089602
-0.126407657256107,0.0103683520141253,0.0611162774135461,0.000136949984296773
-0.0250934154102227,0.0123823501682739,0.0224461117484244,0.000167348406342264
-0.0582551244990548,0.0315085294151621,0.687752464059299,0.000276377655697432
-0.120890684573306,0.0652000184915398,0.86493125508683,0.000175220347648485
-0.0917480653693229,0.063825508892366,22.8306498616763,0.000177744090929329
-0.0348405341273965,0.0784567893451361,17.3471416884803,0.000180205687387754
0.0651608796523834,0.0288253595663192,17.918436138208,0.00016061561181835
-0.278722077800214,0.0521526025084906,0.456347240771987,0.000115495820714199
-0.147793188291033,0.0158906387334149,2.28592056120786,0.000264771903161911
-0.0582633997421777,0.0588215738357611,2.53832085923965,0.000203415676328156
-0.116969916737839,0.0307389537533838,0.442596083502271,0.000153522369624397
-0.191898012491856,0.0608565373606775,0.190135155309491,0.000215317291131351
-0.162308438155478,0.0834005380610817,0.024164375383782,0.000169681703421771
-0.218395464876978,0.0087363544691257,-8.16288350568206e-05,0.000161712830114055
-0.152784462813601,0.00648049093010768,0.182204795783912,0.000111282495099788
-0.158808228882607,0.0061640432725846,1.63324676196789,0.000136153625787409
-0.166572940475597,0.0135570438848266,0.571525638392014,0.00019438376240198
-0.133589612273856,0.011350096630978,1.7576800916046,0.000170078977055552
-0.125151738026268,0.00868086809477652,0.282716988617464,0.000247277299374904
-0.196311410218483,0.0094018102425472,0.00173805742697507,0.000102079611961608
-0.184004848091278,0.0151905376593398,0.282882425559958,9.99079399067773e-05
-0.249881199158746,0.0292537710065679,0.000831917565179552,0.0002572162569408
-0.202725595510864,0.0439811635722589,0.669345490754052,0.000164134770293992
-0.243133762420258,0.0254665866766154,0.458393940656328,0.000244612227270249
-0.0558662394707541,0.014103342791731,-5.50647386446741e-05,0.000137169284576665
-0.204541490422099,0.0703150777121361,0.184505780659326,0.000342263485468145
-0.178463234676199,0.0318813405814313,0.83564296725961,0.000146855007451233
-0.259497154885909,0.0258179668686105,0.0343157826480314,8.63405276800277e-05
-0.270764949245024,0.0296752679262699,0.239993600226724,0.000126796069966408
-0.11947607751284,0.0158041889911219,0.325905350057502,0.000135970561577392
-0.265851025334526,0.0685184549795438,0.0850239491620433,0.000103870863142233
-0.160245441953048,0.00775007972921769,1.01242115765681,0.00013568823031632
-0.246812672782728,0.0206607064704525,0.50772515403049,0.000117627497959408
-0.131061252864664,0.0269006052671578,0.0095097357296434,0.000210115254428444
-0.234721734560698,0.0571540340321912,0.535886094817415,0.000285522751413754
-0.147500174346373,0.0541822568696904,2.9292361112603,9.03301757689444e-05
-0.298173811360259,0.0153795489402013,0.46363360614731,0.000103351966845618
-0.275409702320962,0.0227554697159389,0.738558136333404,0.000158919137103762
0.0470037456762867,0.0190829820421145,0.20507901238486,0.000113287269600297
-0.105618325083295,0.0279098856289652,0.0812791368993195,0.000263655731044521
-0.104493629238135,0.0418989151166284,0.0368599263929252,0.000269745468723393
-0.0942009028906558,0.0143679500983731,0.479934609843992,0.000132584432942916
-0.097183074097517,0.0135117320224401,0.00142790431059402,0.000140360178467092
-0.107687042886665,0.0342688173017812,0.0697414927700466,0.00013492111109124
-0.15817195541987,0.03552797849144,0.268497715300753,0.000116323656142438
-0.176646139306643,0.0355538305655884,0.00907416246558861,0.000105594756814283
-0.289602669010556,0.0128225017636466,0.233046720815193,0.00015653500231341
-0.26854328064906,0.0176857459664414,2.71207738337166,0.000104983418362136
-0.175376252408623,0.00773694921583219,2.69514822396915,0.000162660465127306
-0.054499955292282,0.046717634273125,1.62373247305085,0.00019533015341473
-0.0686111802135752,0.0114141421385359,1.92460904890417,0.000157422059599569
-0.228129771911321,0.0166760822200002,2.76659968234446,0.000115376469099905
-0.163035368814955,0.014343659717907,0.902710674369884,0.000185934538238134
-0.28675682962827,0.0139596056104679,0.884130923562835,0.000207731489070629
-0.159304958450417,0.0139786470837992,1.65705191129544,9.93476928521422e-05
-0.0657407892621447,0.0385509148487708,0.838046477779269,0.000125689730592468
-0.0395593167564972,0.0174136035659887,1.65373645394933,0.000130392458035868
-0.060296171196475,0.011682496726848,0.124676629146479,0.000117660530063428
-0.161197551627419,0.0358207497842342,0.63198102109418,0.000128127196461679
-0.260573866395507,0.0326850523506546,0.309237987590759,0.000138752841407162
-0.193810023695602,0.0108481230298248,0.0149552935060745,0.000121992396899165
-0.110382953444924,0.0470471156776344,0.633671055285334,0.000283290159343916
-0.0562707866122709,0.0300359150097544,0.465256083882409,0.000227474309312486
-0.117665234891854,0.00680715993462899,2.43416968449696,0.000115620875476516
-0.245929494182136,0.0126883431475108,0.0522177301699144,0.000110186307005289
-0.238250744114294,0.0523613967596278,2.28109102985754e-05,0.000124741209198121
-0.180892179480549,0.0320997241150916,0.782192365656306,0.000130604269409981
-0.059280690617462,0.089777574725637,29.0180795915463,0.000125027681111901
0.150080316298518,0.0286140964572821,3.10630594445714,0.000358321352645825
-0.204646949711707,0.00994801564588412,0.0199275678712058,0.000387125891376258
-0.154684334962665,0.00507888535690364,0.656545379809055,9.63487507547044e-05
-0.232710213366575,0.0156229815224894,0.151117890985506,9.42472696635284e-05
-0.16533355028096,0.047022798617607,1.90557464873706,0.000115991020015688
-0.345263180881223,0.0187243645320826,0.167143899984581,6.35086972029862e-05
-0.193012750278882,0.024918238036205,0.192461920647414,8.63253620191848e-05
-0.230770067201984,0.0122292976874412,0.341244864019842,7.59400267133467e-05
-0.129653895532476,0.0184836146897802,0.717689494795161,0.000195965877350183
-0.193002336845016,0.0249627077257478,0.0525490912714111,0.000223337552567344
-0.252758802016265,0.0552154982942197,0.00022140132116487,0.000125996168648189
-0.304123288745183,0.00721653236919929,0.63052640094487,6.5488701193645e-05
-0.183943212744195,0.0616602287568896,0.17009183630165,9.10309218260358e-05
-0.22679056043005,0.0104751031023263,0.707124133898256,7.75835357659927e-05
-0.232149417014599,0.0448821034756023,0.215046867095618,0.000113275553318948
-0.287480464145213,0.0307957546269376,0.000782050937922031,7.87453211137365e-05
-0.224729408259013,0.00976428258655979,0.441944869938957,0.000102048091801643
-0.163262566834575,0.0160097955661644,0.00842417999813776,0.000350474110188157
-0.128154493690054,0.0333158027227617,0.414278168283596,0.00029494974365343
-0.16702869527701,0.0342813997994192,0.0528735940270209,0.00018573535821056
-0.10295586218928,0.018437956772861,0.0681565722689387,0.000210683308358821
-0.253635034770813,0.120821125392813,0.0814858823507949,0.00032708534941958
-0.238312722083732,0.0635353916797697,0.0414229873215145,0.000120958467991073
-0.22108562133919,0.0442402958877302,1.45280277336105,9.02595666279093e-05
-0.221715290097751,0.0394791658060203,0.000553167969391212,0.000101725316345446
-0.243516697058191,0.0184725961444037,0.230566910749673,9.2894208703841e-05
-0.314655864441113,0.0639990224127366,0.511306496299144,9.1279577350345e-05
-0.228541976477792,0.0266656427949107,0.0890181409619699,0.000111767682703662
-0.143127518342753,0.0350897207180903,1.59585434413718,0.000683603191331903
-0.0645930689068988,0.0126720709920726,0.0469343799394611,0.000127185700604131
-0.168797789711719,0.0716961337948063,0.609988535816832,9.14312967391888e-05
-0.130921033040198,0.0223379844324716,0.0729455373397302,9.2148261797591e-05
-0.195686893389949,0.039123509379519,-0.000103175033398614,0.000131481814648373
-0.337865870368839,0.0935390845571675,0.986277719266938,0.00010323085658553
-0.185459099769719,0.0327151403371966,0.212955593107752,9.98299051311766e-05
0.0390998163532387,0.0222139124139253,0.526327361903181,0.000184483435027637
-0.243418713905128,0.0367917996891853,0.0111076656984699,0.000129688473657
-0.0587298020891612,0.0177705396656442,0.969289170868766,0.000124548161936349
-0.231734711502093,0.0333006256334556,2.38087144319815,0.000163050020041452
-0.134181790780095,0.0106909610813213,1.69239760481066,0.000209954722400265
-0.112217358938629,0.0157544857758189,2.03061753013267,0.000402373563064439
-0.225033310808858,0.0366957895796503,1.64837229612358,0.000182674636592784
-0.275612849236897,0.0161294319007332,0.769892012454874,0.000196400359087428
-0.189039238305116,0.0342321501178326,0.0835813195455297,7.9936084278131e-05
-0.213609241098314,0.0332710087374947,0.492350650680796,0.000150590944825005
-0.262100847586679,0.0111078986267641,1.03121988185477,0.000157729501800231
-0.321670041266245,0.0260246658346737,1.31478456617431,0.000180464090366255
-0.133349502205771,0.0791443425838738,1.57646529017361,0.000208635305055272
-0.142717735214299,0.00994721887800605,0.506132648219582,8.99108710655994e-05
-0.171888946072797,0.00985171165698454,1.35858762199852,0.000221304000471728
-0.264733452167574,0.0385101127829104,3.08560339980003,0.000115547202716438
-0.127462050475779,0.0754558897003063,0.444139787050414,9.69943343181388e-05
-0.0201692057658883,0.0589862535690679,1.10854367770102,0.000148135583256608
-0.00418295979515654,0.0869574074192596,0.149231656703546,0.000175502857327418
-0.100224441031247,0.03582047581211,1.23345976032086,0.00022832478720473
-0.307899340770135,0.0274611336102056,0.135192255289979,0.000221825453959598
-0.228555286433683,0.0131159162152434,0.294835747965234,9.35892551413936e-05
-0.283632154255542,0.0793270002885164,0.321787517772906,0.000100856740867555
-0.219526671128307,0.0398554446347595,39.3472551219602,0.000132622777171513
-0.26057858259852,0.023753280889604,0.13381024896986,0.000179129879533325
-0.0418137297648637,0.0279281976198605,0.0564679354177784,0.000295268649811027
-0.198374273977459,0.0429070684982684,0.0324388222094535,0.000362418348615274
-0.257268612076419,0.0472721967143749,0.0222770523479576,0.000225735742019789
-0.268018768502392,0.0288900647450078,0.00209353760434038,8.89310717483293e-05
-0.271615724790218,0.0105974892140915,0.0367398340330684,0.000307080704678134
-0.0837987132343992,0.00927822333963734,0.0270163055253535,0.000154444307750028
-0.218412771165062,0.0127955114201148,1.09219420971706,0.000330864716099576
-0.0716090740207307,0.046437204059606,1.74923627412274,0.000126226931898224
-0.156123937515648,0.0130630049696159,0.0660471821593252,0.000155725497546504
-0.180095290859654,0.0290545456605626,1.47811239786451,8.88498426138949e-05
-0.236943922527732,0.0223930779277457,0.639633347329295,7.97046512121962e-05
-0.297993032582457,0.0996344083251786,0.939783146169712,0.000210206429658574
-0.186361634122621,0.0302804922670202,1.02270342510229,0.000136411953109368
-0.103766899098842,0.0335201052174174,0.00141736933043281,0.00015525130682427
-0.188495167598423,0.0563503574609516,0.0198357144417864,0.00027398337199791
-0.204678218299804,0.0279689196207859,5.45583705100049,0.0002191797245293
-0.285686036867058,0.0443915345922695,0.00209213384415068,9.64341308259873e-05
-0.134816312350597,0.00593992214727483,0.697889601055919,0.000494000703080323
-0.075203971679397,0.0260482931921862,34.0511671882297,0.000116820894769579
0.0400602494831255,0.0453227724096586,0.494489150775405,0.000173469318660774
-0.102698439036084,0.0274851284427938,0.00561284428803742,0.000441330459325714
-0.205265483735749,0.0602768001629764,0.0552564198975072,0.000120441775370396
-0.262099010941236,0.0216254608535112,0.0200057613507081,7.94221064885973e-05
-0.260099789089515,0.0324039195199926,0.0275326330989696,8.34535901480818e-05
-0.0320846532676275,0.0819328732305056,0.79736076845561,0.000134387812161286
-0.181364853591025,0.0230894564394625,1.588000148277,0.000171203490228934
-0.131014677354817,0.0234014111067143,0.956368532412342,0.000526644505268301
-0.167977471170197,0.0692823809877463,0.159720689725573,0.000103519311058787
-0.231071226554948,0.02658056976725,0.0847775196465731,0.000141462075066007
-0.101785028130279,0.0201202997396564,0.774307481495331,0.000313560040114738
-0.122402307022064,0.0950632990567953,1.21507081623963,0.00016059901395703
-0.243089682336349,0.0197027563623311,45.7638205857872,0.000156528789490422
-0.179069860992322,0.0184790395821374,0.704175075080532,0.000121828163667139
-0.240959189404919,0.0166612890207894,1.71109110993481,0.000196294822990386
-0.154905813983305,0.0652223218998762,42.6290659752445,0.000103220588389957
-0.204977755206235,0.0349636758861874,0.177496758476277,0.000127046892274347
-0.16342150588322,0.0100326196387187,0.892803862126117,0.000184582467282629
-0.304007245708704,0.0126868294897047,0.0388869606789654,8.22193397845551e-05
-0.146799675475884,0.0152314553140139,0.00926351136856042,0.00012963760101573
-0.0980225111302278,0.0255342733976304,0.0027159575978661,0.000450054876138759
-0.0818939233663889,0.0393455959569306,2.05566374889595,0.000149813803875355
-0.181620107651574,0.0575587565890775,0.76752982030239,0.000164799818944963
-0.275521413908279,0.0435427091064894,0.12095313966992,0.00010450488078238
-0.291535672000023,0.0621637131512904,0.00393798400743968,8.20693635450453e-05
-0.139622617546637,0.0313886494396186,0.361884833709601,0.000220942047128185
-0.30908401310626,0.022652449144135,9.20026808513564e-05,0.000160829239522941
-0.125533434331125,0.0533654970854662,4.60573326522944,0.000108896620895334
-0.227490146026667,0.015065322290148,0.38976059263458,0.000133981881412547
0.0702547173443347,0.0807661735818384,23.2694448233926,0.000285640391255939
-0.235935062418667,0.0321780978829871,0.0552377775313408,0.000106906854349703
-0.311898797130877,0.00895500334031595,0.0308390114829213,0.000303014522820342
-0.15264792507677,0.0453172701057722,0.57853454954763,0.000156370933894347
-0.0278315851904025,0.0298363308341683,0.206435773939206,0.000160906582935123
0.0120047919738213,0.0668069507242272,0.120508568504314,0.000124673516993421
0.00172957845197248,0.0204720667938408,0.920930461358125,0.000210828784735473
-0.111106806488658,0.0190379962272876,2.44796686220423,0.000177112070174266
-0.0047568766678626,0.0299947773144822,0.220984800542097,0.000194177270322501
-0.12592824111842,0.0359326245823115,11.2923215684329,0.000115565167583704
-0.071609420164423,0.0193491185474112,0.008866646861583,0.000118836201222357
-0.137563287418042,0.112974832011569,0.184014490013451,0.00013547477955458
-0.164890008950601,0.033476936304326,0.0431435125863487,0.000113669440089964
-0.235079531590205,0.0364108607890488,0.639627331513977,0.00012717912757079
-0.221440797618262,0.0649513266846154,-0.00015753445638421,0.000158101191529984
-0.22519825948569,0.0287167584876163,1.27008686935515,0.000309484238752397
-0.0905694415722732,0.056846508759445,2.02274091453014,0.000191033338953592
-0.323517955900021,0.0100362780155004,0.0953319097074999,8.6548964836648e-05
-0.0647563269901399,0.0874116078604035,0.107214162691623,0.000132134001456241
-0.307336395799649,0.0208339594353877,0.0505273560844835,0.000100913091584767
-0.118296299671878,0.0315497618962872,0.808910008891047,0.000146972948197961
-0.0104546720236516,0.0156498011870552,1.41150028373331,0.00014252450827339
-0.290665899106582,0.0169143976900619,0.0687131112817837,0.000124450455351399
-0.0561048017756195,0.0412414690436811,0.0909678679983886,0.0001401150085676
-0.205641666941692,0.0330172919447917,46.0394123291173,0.000111492014718149
-0.172721425016843,0.0208459786723772,0.0650540190745464,0.000296911951620595
-0.116305050020896,0.0333805913285917,0.517159125290273,0.000126221392671958
-0.240920418500008,0.0264716918957214,0.337668761242356,0.000342299085808636
-0.254798823061445,0.0251253079788815,0.0091281312024784,9.38336354889924e-05
-0.218518146485968,0.0128075508905864,0.0629883589682449,8.93589878886949e-05
-0.260788149388735,0.0834769524095663,0.540386330198554,0.000120859097458684
-0.20697867352858,0.0985104682772996,1.21861379143462,0.00023141894959417
-0.0521515739999715,0.0651185650641318,1.71558644638456,0.000154224782553718
-0.0770502709653946,0.0322838522445549,1.18654966178887,0.000134629864338733
-0.290357730965794,0.0549195929531712,1.16831332256909,0.000135569657307735
-0.1733819642204,0.023243157057562,0.399053358575322,0.000119129573884292
-0.0167136988726196,0.0221231545356019,1.15267276942928,0.000110698871798151
-0.0349980654167427,0.0305496534456053,0.321845123634835,0.000121403456151108
-0.130441570268523,0.0195538705674125,5.02047221817151,0.00011918994662155
-0.107585386412728,0.0203569617825595,0.481645583672734,0.000113110755994627
-0.104859569490595,0.0620319664856578,3.50692057062617,0.00013681877886482
-0.209648729757006,0.0075112194514051,1.23352953052359,0.000125707427035943
-0.194639432276278,0.0741152855819884,2.02931586061752,0.000102434273620043
-0.139633608179556,0.0498484428401231,0.0200284101338709,0.000137527327655745
-0.227333491286181,0.0514349068424009,0.47763676567701,9.77156883245907e-05
-0.126667550041192,0.0501715460010919,0.36926526935077,0.000357676760576879
-0.234432032345355,0.0205652231906869,0.682895064585156,0.000133731755481652
-0.354756419552259,0.0276373062036275,0.00289195630605146,9.58787123248894e-05
-0.0835180980405579,0.104106849954148,3.54360509792907,0.000172995124914897
-0.175950387857689,0.0337735982654075,1.10569490964447,0.000147904520791341
-0.119786095342125,0.037009641626149,0.632061707080694,0.000167318842547459
-0.125870989928225,0.0211531370529001,0.0503897721362656,0.000199184217920269
-0.268126351251604,0.0225522634024837,0.511223303222073,9.49586930475479e-05
-0.186811165399793,0.00578312767180809,0.351267345336744,0.000123506556962489
-0.170239104467355,0.00908017643128255,0.319476775056333,0.000105027044823291
-0.215066854447647,0.0159048308634065,0.147572568884249,0.000216673079017561
-0.0916864795912383,0.0259866228581687,0.00969935635403507,0.00011986596461356
-0.140692903094369,0.0348974025427366,2.82115832152383,0.000170044672166824
-0.219691893115043,0.0506546830840861,0.0242278342060721,9.46293514096235e-05
-0.296845499091311,0.0297518254449209,0.648974800453064,8.9183350818141e-05
-0.182732858072181,0.0105014397434548,0.00978943074085418,0.000104123908500963
-0.148551411635222,0.0303269871701513,0.0949960420129195,0.000153687110116064
-0.20285461971692,0.0376091452020014,0.0534200134020157,7.85875952490962e-05
-0.191248889066329,0.0380526309572926,0.0954258758960692,8.98881202491125e-05
-0.225378113117792,0.00926704346275535,0.40175338814877,0.000371981181475563
-0.270848808764629,0.0621332817300594,0.59612369670078,0.000113432155116684
-0.233934488059948,0.0728435374215107,3.10564316340604,0.000114225798496999
-0.203150107963388,0.0432347071108071,0.00673486840840864,0.000134123943052417
-0.208058189863845,0.018933069168292,2.04718932127507,0.000207797516065165
-0.208178844027766,0.0311687727187334,2.34599328722738,0.000180290238251209
-0.212982847189265,0.0251752423230927,0.102195826569549,0.000140163333498222
-0.268121319247938,0.00939995791589678,0.865712081917966,0.000112728155338142
-0.257567499995489,0.0386692013958981,0.257620531402526,0.000122246788353527
-0.111461678613202,0.0657772478969686,0.00150391554433221,0.000124434069511968
-0.120268291672298,0.0126842578189259,0.0135060156383865,0.000148273920483925
-0.151187812394115,0.0488339246041617,2.16615001852798,0.000109872471199865
-0.189807086852283,0.0299040854294152,0.0757828223774506,0.000162797609441709
-0.119888315467645,0.0674316594546387,1.69045633582254,0.000131919313840617
-0.0932218111538909,0.0355835100692127,1.84094780092727,0.000277040756895304
-0.0993024146120538,0.0459887825187863,0.111990963160449,0.000136832224975711
-0.138198909962084,0.0277250205672656,27.378593628869,0.000117246038349878
-0.0367862290435594,0.0729269056269806,0.626234385010743,0.000122502749654587
-0.156329141017341,0.0134656694235204,0.545154418016003,9.84324966405627e-05
