"","pr_score","count_point_id","treatment"
"1",0.14832664238489,0,0
"2",0.125065389918802,0,0
"3",0.241108864710854,1,0
"4",0.264258979109711,2,1
"5",0.139772941102924,2,1
"6",0.373569535138405,3,0
"7",0.447937261437525,3,1
"8",0.389639163359949,4,1
"9",0.272159549025613,5,1
"10",0.469366774485283,6,1
"11",0.204733995375995,7,0
"12",0.743722540425242,8,1
"13",0.158082143859894,9,0
"14",0.496781573418073,10,0
"15",0.290738792830212,14,1
"16",0.384430637180284,15,1
"17",0.324808170536444,16,0
"18",0.273992668879276,17,0
"19",0.329813678622623,18,0
"20",0.381736023416165,19,0
"21",0.230294345352434,22,0
"22",0.235075211123377,26,0
"23",0.255633579898215,27,0
"24",0.239079063124899,28,0
"25",0.201674795491202,29,0
"26",0.143732332241567,31,0
"27",0.236781614998235,32,0
"28",0.173721747161079,33,0
"29",0.251539998094151,35,0
"30",0.166067728936692,38,0
"31",0.26745863135761,40,1
"32",0.188260410107974,43,0
"33",0.331594200933612,46,0
"34",0.161749315595097,55,1
"35",0.177283257481207,56,1
"36",0.187008373002161,58,0
"37",0.253398657708849,59,1
"38",0.264461906264367,60,0
"39",0.189262778899323,62,0
"40",0.227915557663685,63,0
"41",0.106674072324461,64,0
"42",0.213812388709277,65,1
"43",0.221659703061548,66,1
"44",0.167015416359617,67,0
"45",0.173469198541824,68,0
"46",0.191293055147444,69,0
"47",0.196851157149871,70,0
"48",0.195616509162752,71,0
"49",0.257174062436514,72,0
"50",0.201412751566825,73,0
"51",0.181437829711136,76,0
"52",0.166218172432017,78,0
"53",0.195942327844771,79,0
"54",0.201894148898711,80,0
"55",0.198175392423266,81,0
"56",0.124532194073446,82,0
"57",0.656968423112856,84,1
"58",0.555606569686546,85,1
"59",0.0961517555839239,88,0
"60",0.130895688563089,90,0
"61",0.208795659993718,91,0
"62",0.134258464606014,92,0
"63",0.23518165900614,93,0
"64",0.128126702411502,94,0
"65",0.0896220188817985,95,0
"66",0.145280061364009,96,0
"67",0.0916896833290844,97,0
"68",0.0514937192708397,103,0
"69",0.224706798562277,105,0
"70",0.275279140329408,109,0
"71",0.220104968493901,112,1
"72",0.215404583100464,113,1
"73",0.524937326081294,116,1
"74",0.442164017581519,117,0
"75",0.349834609181799,120,0
"76",0.381194829102828,121,0
"77",0.208831715338942,122,0
"78",0.306910904880035,126,1
"79",0.523660570020643,127,0
"80",0.200856275416567,128,0
"81",0.301491027705092,131,0
"82",0.530457768410928,132,0
"83",0.358022904233756,134,0
"84",0.655766150444876,135,1
"85",0.631682744471248,138,1
"86",0.510356216287316,140,1
"87",0.103602143767242,143,0
"88",0.0951886947097701,143,0
"89",0.367457693689014,144,1
"90",0.483126050248851,145,0
"91",0.590181924494626,147,0
"92",0.104567566510392,148,0
"93",0.126701749250825,148,0
"94",0.35257076516798,149,1
"95",0.324141480866079,150,1
"96",0.604768727142543,151,0
"97",0.36690214880304,154,1
"98",0.352885702641541,155,0
"99",0.186670616968249,157,0
"100",0.282583487430402,158,1
"101",0.527512463102369,162,1
"102",0.349822656499022,163,0
"103",0.394385797318417,163,0
"104",0.374710816754561,165,0
"105",0.367463483643229,167,0
"106",0.44028753675546,169,1
"107",0.417347668140496,170,1
"108",0.515156792432752,173,1
"109",0.348840034835553,174,1
"110",0.333136549851532,175,1
"111",0.24899687919169,176,0
"112",0.198531282174284,177,1
"113",0.108193326864559,178,0
"114",0.21618342505368,179,1
"115",0.462739671991293,180,0
"116",0.65201217773795,181,1
"117",0.409231573798273,190,0
"118",0.101754142343409,196,1
"119",0.489432216861074,197,0
"120",0.198984124921621,198,0
"121",0.197126390425115,199,0
"122",0.208173925412381,200,0
"123",0.220233337273028,201,1
"124",0.086229719928572,204,0
"125",0.281607309705668,206,0
"126",0.320543503120575,206,0
"127",0.109840738286434,206,0
"128",0.298582871935673,207,1
"129",0.297638974489629,208,0
"130",0.112850065827916,211,1
"131",0.313336963386599,214,0
"132",0.16943583195951,217,0
"133",0.327806693671813,222,1
"134",0.139258843176611,224,0
"135",0.506948765720536,225,1
"136",0.509229780306931,226,0
"137",0.363963629681654,227,0
"138",0.360020294108945,228,0
"139",0.304921505292104,229,1
"140",0.246171636556469,230,1
"141",0.400101549626315,231,1
"142",0.379844806252311,233,0
"143",0.456952163789082,235,1
"144",0.567057510400946,238,0
"145",0.282735855909297,240,0
"146",0.19492297348412,241,0
"147",0.172355636609239,242,0
"148",0.466306934401975,248,1
"149",0.212324499704241,249,0
"150",0.359682662810599,250,0
"151",0.24747530582392,251,0
"152",0.222128330851754,252,0
"153",0.276531328961077,253,0
"154",0.289396809616033,254,0
"155",0.270792041849106,255,0
"156",0.567377284663719,257,0
"157",0.564238499721161,258,1
"158",0.379329734303442,259,1
"159",0.205624761748333,261,0
"160",0.504724094292581,265,1
"161",0.322482475064329,267,0
"162",0.212236463357775,268,0
"163",0.216864477599713,269,1
"164",0.365242030911557,270,0
"165",0.14226769387153,271,0
"166",0.330807714899168,274,0
"167",0.238481093346378,276,0
"168",0.13605925398493,277,1
"169",0.227234003656003,279,0
"170",0.171186298755495,281,0
"171",0.254196242967671,284,1
"172",0.0840335097684718,288,0
"173",0.234841151355571,290,0
"174",0.106723827833311,292,0
"175",0.228140806546878,294,0
"176",0.176251921741853,295,0
"177",0.154066749451268,299,0
"178",0.178859361784777,300,0
"179",0.16852158430202,301,1
"180",0.247020893465268,302,0
"181",0.238640176907377,303,0
"182",0.162464850630973,304,0
"183",0.346265225149297,306,0
"184",0.218554611845798,307,1
"185",0.385224587310756,308,0
"186",0.289021046405656,309,0
"187",0.162361683764569,310,0
"188",0.172093577722073,311,0
"189",0.118254506214282,312,0
"190",0.178615903473505,314,0
"191",0.450374389715517,316,0
"192",0.188264074581261,317,0
"193",0.243678491385242,318,1
"194",0.162660696051347,319,0
"195",0.318174398419435,320,0
"196",0.219580002543819,323,0
"197",0.17929727585279,324,0
"198",0.217842316027978,326,0
"199",0.362911120907531,329,0
"200",0.15297028995975,330,0
"201",0.25135870830586,333,1
"202",0.216106877907176,334,0
"203",0.288671999782812,335,0
"204",0.164364883927382,336,0
"205",0.201794004419628,337,0
"206",0.234923044315535,338,0
"207",0.18706859037985,339,0
"208",0.269262381956684,340,0
"209",0.323329942480335,341,0
"210",0.172566167283464,342,0
"211",0.527659866963962,343,0
"212",0.368279854061341,344,1
"213",0.524194204387065,345,1
"214",0.124172688869921,347,0
"215",0.20811196470738,349,0
"216",0.0733741054006722,350,0
"217",0.180170604819151,351,0
"218",0.123955502767883,359,1
"219",0.230421625263275,370,0
"220",0.225383774569309,378,0
"221",0.242645729972694,380,1
"222",0.264296837252147,382,0
"223",0.0672420717484094,384,0
"224",0.150824370462896,386,0
"225",0.433729312703155,389,1
"226",0.287316369361777,391,1
"227",0.352997861119973,392,0
"228",0.372218713745938,393,0
"229",0.299534615545782,394,1
"230",0.215672761102553,395,0
"231",0.343951178030251,396,1
"232",0.283115999503077,400,0
"233",0.195487793388337,401,0
"234",0.401045173366361,402,0
"235",0.336891155278111,403,0
"236",0.247075980849228,404,0
"237",0.325989157931214,408,1
"238",0.28828655555304,409,1
"239",0.326407965646762,410,0
"240",0.210580613961553,412,0
"241",0.472194541686589,413,0
"242",0.351758254868878,415,1
"243",0.169760025283289,416,0
"244",0.0878206832445425,416,0
"245",0.202845397993096,417,0
"246",0.132017421906488,417,0
"247",0.355616124579685,418,1
"248",0.385634526465002,419,1
"249",0.26871379376019,420,0
"250",0.176067012716891,420,0
"251",0.20740038044765,421,1
"252",0.265876149966048,422,0
"253",0.180981918575099,422,0
"254",0.437540478139843,423,0
"255",0.270062560991017,424,0
"256",0.347245626833693,424,0
"257",0.252496457441549,425,1
"258",0.249004778724397,426,1
"259",0.254566861009525,427,0
"260",0.244675943596137,428,1
"261",0.18483391782101,429,0
"262",0.291348713052402,429,1
"263",0.410905664969443,430,0
"264",0.22140716159364,431,1
"265",0.100457072082749,431,0
"266",0.299257496065129,432,0
"267",0.273821410087691,433,0
"268",0.190273892107319,433,0
"269",0.212256272119856,434,1
"270",0.182424464540773,435,0
"271",0.159875929715231,436,0
"272",0.186614044064012,436,0
"273",0.291612366417028,437,0
"274",0.181103661897751,438,0
"275",0.228721131321053,439,0
"276",0.368909715781899,440,0
"277",0.574833565795953,441,0
"278",0.249027436115784,442,0
"279",0.230245128568699,443,0
"280",0.368927500384803,444,0
"281",0.265553925176586,445,0
"282",0.317922058996178,446,0
"283",0.240186661947102,447,1
"284",0.351415711563135,448,0
"285",0.593530853607572,449,0
"286",0.238580535920448,450,1
"287",0.305483665873158,451,1
"288",0.173216219210057,452,0
"289",0.240521802221209,453,1
"290",0.221498811257167,454,0
"291",0.272521792849028,455,1
"292",0.186657925086064,456,0
"293",0.118187650931727,456,0
"294",0.481630022633236,457,0
"295",0.446964861969656,458,0
"296",0.31957895664374,459,0
"297",0.382074597826221,460,0
"298",0.119461610186789,461,0
"299",0.218524790119062,462,0
"300",0.132899018541105,463,0
"301",0.245056002011917,464,0
"302",0.487309218312998,465,0
"303",0.116510495575194,466,0
"304",0.402731190178346,467,1
"305",0.3225191709473,468,0
"306",0.244212473205045,469,1
"307",0.365966067327109,470,1
"308",0.418308404178409,471,1
"309",0.501736014603063,472,0
"310",0.38081452975278,473,1
"311",0.299264726553264,474,0
"312",0.121451261727507,475,0
"313",0.186871082184147,476,1
"314",0.301920761438795,477,0
"315",0.317239612835427,478,0
"316",0.124245154383272,479,0
"317",0.230146454049477,480,0
"318",0.216827398577871,481,0
"319",0.517305437812188,482,0
"320",0.328300596314086,483,1
"321",0.201550771110659,484,0
"322",0.507489061369812,485,1
"323",0.442643333957168,486,1
"324",0.522258421386612,487,0
"325",0.269121702091973,488,0
"326",0.266780697246301,489,0
"327",0.375537380095936,490,1
"328",0.284691606870299,491,0
"329",0.276633473192485,492,1
"330",0.41509205892558,493,1
"331",0.280764018635369,493,1
"332",0.679327727311248,494,0
"333",0.529092258583908,494,1
"334",0.316427767273536,496,1
"335",0.477047218757577,496,1
"336",0.15736807315889,497,0
"337",0.177357818352975,498,0
"338",0.44815133321729,499,1
"339",0.458962351945559,500,1
"340",0.204692299086871,501,0
"341",0.286418188963908,502,0
"342",0.118364101879551,503,0
"343",0.14780438107164,504,0
"344",0.0915953300261566,505,0
"345",0.069598605357138,506,0
"346",0.168837216303667,507,0
"347",0.235438622653162,508,0
"348",0.316762956831812,509,1
"349",0.331873319674473,510,1
"350",0.181192672503892,511,0
"351",0.404156552623431,512,0
"352",0.0409916757780884,513,0
"353",0.192178514178438,514,0
"354",0.304722406527048,515,1
"355",0.298174363321856,516,1
"356",0.335873882066743,517,0
"357",0.102483673195371,518,0
"358",0.0994880452563862,519,0
"359",0.0755936453720163,520,0
"360",0.385134310473304,521,1
"361",0.245465610761767,522,0
"362",0.21671389720347,523,0
"363",0.209052345542494,524,0
"364",0.0946223170604428,524,0
"365",0.0890029644820581,525,0
"366",0.274673917936783,526,0
"367",0.394051910464826,527,0
"368",0.39162444501005,527,0
"369",0.447974705794351,528,0
"370",0.190429915949779,529,0
"371",0.215523882541803,530,0
"372",0.352382772167043,531,0
"373",0.303615773115525,532,0
"374",0.365694024526822,533,0
"375",0.278017789862694,534,0
"376",0.350316768481735,535,1
"377",0.239070761416226,536,0
"378",0.167349288494139,537,0
"379",0.30717652852321,538,1
"380",0.255575548489646,539,0
"381",0.174979263083397,540,0
"382",0.284863384330075,541,1
"383",0.317128236465141,542,1
"384",0.272967897972652,543,1
"385",0.206318034173622,544,0
"386",0.176761942895202,544,0
"387",0.27947074937906,545,0
"388",0.358833666717528,546,0
"389",0.260379236918513,547,1
"390",0.485490830565675,547,1
"391",0.194774306258585,548,0
"392",0.726727310720628,549,0
"393",0.874682934816615,549,1
"394",0.240552310847623,550,0
"395",0.57911371098788,551,0
"396",0.289611394110124,552,0
"397",0.624520797193933,553,1
"398",0.347072227311229,553,1
"399",0.332791320683085,554,0
"400",0.0683849518458295,555,0
"401",0.597951468706609,556,1
"402",0.134884026211766,557,1
"403",0.257506562025184,558,0
"404",0.161129059014366,559,1
"405",0.311673489826736,560,0
"406",0.391541743517518,561,0
"407",0.466921877331486,562,0
"408",0.152589116479169,563,0
"409",0.337019400203345,563,0
"410",0.196933570198372,564,0
"411",0.21751916022749,564,0
"412",0.0856165909730718,565,0
"413",0.357338307138205,566,0
"414",0.403399206170075,567,1
"415",0.386187390615409,568,0
"416",0.238059703216056,569,1
"417",0.32270406973943,570,0
"418",0.132572595157481,571,0
"419",0.275236260853688,572,0
"420",0.403339819033025,573,1
"421",0.143929492267413,574,0
"422",0.272685684761278,575,0
"423",0.177434825356183,576,0
"424",0.212151467316519,577,0
"425",0.144839577881291,578,0
"426",0.204592332676365,579,0
"427",0.386067969598558,580,0
"428",0.343305255453694,581,0
"429",0.199515567540727,582,0
"430",0.0448012860570419,583,0
"431",0.223907576981971,584,0
"432",0.262019360566645,585,0
"433",0.152812685711913,586,0
"434",0.275161984204359,587,0
"435",0.275769505767164,588,1
"436",0.446731521276696,589,1
"437",0.364080266650084,590,0
"438",0.332347726543231,591,0
"439",0.248719852043222,596,1
"440",0.429665267253187,597,1
"441",0.181480689896672,610,0
"442",0.177643417782243,613,1
"443",0.348848092336177,614,1
"444",0.0817611103478143,615,0
"445",0.449243717163834,616,1
"446",0.292792986523543,617,1
"447",0.107175100893826,620,0
"448",0.253232050336979,621,0
"449",0.321298911121897,622,1
"450",0.241000399255675,623,0
"451",0.285025770082369,624,1
"452",0.194901989340513,625,1
"453",0.36040228881089,627,1
"454",0.21688621252714,628,0
"455",0.313712578759808,629,0
"456",0.190124677889622,630,1
"457",0.159221026215855,631,0
"458",0.266366091981514,635,0
"459",0.235380503375853,637,1
"460",0.175923189385231,640,0
"461",0.216906568877797,641,0
"462",0.257364379791045,642,0
"463",0.138119248846168,655,0
"464",0.273210175186216,657,1
"465",0.377566684099363,659,1
"466",0.187157048419885,660,1
"467",0.144175962339221,661,0
"468",0.122363780279984,663,0
"469",0.400184725259092,670,0
"470",0.386087965113967,675,1
"471",0.116947909126599,678,0
"472",0.218500181138856,680,0
"473",0.129490672722445,681,1
"474",0.482834918778174,682,0
"475",0.17771845503786,683,1
"476",0.266917669090002,688,0
"477",0.157992462605656,691,0
"478",0.192193060523368,698,0
"479",0.217073362945237,704,0
"480",0.301713316960197,705,0
"481",0.336410368729477,707,0
"482",0.311278754126317,709,0
"483",0.383628319420531,710,0
"484",0.449094426040038,711,0
"485",0.279000654343553,712,0
"486",0.353127124176129,717,1
"487",0.215125147040544,719,1
"488",0.119308271820129,720,0
"489",0.130321326126924,722,0
"490",0.321888429900218,726,1
"491",0.163361949197753,727,0
"492",0.291172485294598,731,1
"493",0.304420505234652,732,0
"494",0.194197542951601,733,0
"495",0.42707759415016,734,0
"496",0.199823370249446,736,0
"497",0.255859227840944,737,1
"498",0.260040105663156,738,0
"499",0.310550930316784,739,0
"500",0.349606497879086,740,0
"501",0.366996052450257,741,1
"502",0.283363530427921,742,0
"503",0.149281587327858,743,0
"504",0.148758909870886,744,0
"505",0.0827598514290468,745,0
"506",0.268582240450993,747,0
"507",0.220502007127128,752,0
"508",0.546774772581312,753,0
"509",0.257193734006863,754,1
"510",0.409680708063849,758,0
"511",0.223007425907956,759,0
"512",0.122090823374334,760,0
"513",0.156190880873911,761,0
"514",0.274090097842139,763,0
"515",0.239478408891344,771,1
"516",0.197167479781483,776,0
"517",0.204103054136438,781,0
"518",0.429240621064628,783,0
"519",0.392492307114997,784,0
"520",0.391894323167111,789,0
"521",0.219222521310044,792,1
"522",0.252520258587617,794,1
"523",0.15207541057533,802,0
"524",0.175275731071999,804,1
"525",0.164797169970503,806,0
"526",0.268034921841731,807,0
"527",0.236860433742418,809,0
"528",0.538464479555011,814,1
"529",0.334793879771843,815,0
"530",0.268762038723525,816,1
"531",0.247662396925365,817,0
"532",0.213159718833697,821,0
"533",0.30656624424932,823,0
"534",0.0762525020841963,824,0
"535",0.277131419282788,826,0
"536",0.200629261261204,830,0
"537",0.267815383340611,831,0
"538",0.145735345925333,833,0
"539",0.369871689595791,834,0
"540",0.198749780938482,835,1
"541",0.418903599119017,836,0
"542",0.894846823653413,839,1
"543",0.304224179351346,840,0
"544",0.114298151251359,843,0
"545",0.0436960615651227,844,0
"546",0.210613538974665,845,1
"547",0.243762477891698,846,1
"548",0.216418951244083,848,0
"549",0.138635380384237,849,0
"550",0.314954758106962,850,0
"551",0.379349251260908,851,0
"552",0.140521660755456,852,0
"553",0.187484287802798,853,1
"554",0.354590562207432,854,0
"555",0.213555927272205,855,0
"556",0.235723533242748,856,0
"557",0.502801768439076,857,0
"558",0.395495135659334,858,0
"559",0.162063885305546,859,0
"560",0.554935000104188,860,1
"561",0.458278896553116,862,1
"562",0.378199593221639,863,1
"563",0.137809648437847,865,0
"564",0.226791815226194,866,0
"565",0.241175550608313,867,0
"566",0.225990928447654,869,0
"567",0.426681865962712,870,0
"568",0.239319060581101,871,1
"569",0.469209327802743,873,1
"570",0.291135444478453,875,0
"571",0.31991953813525,876,0
"572",0.337340171915352,877,0
"573",0.306610964786563,878,0
"574",0.227598100310739,879,0
"575",0.161722534427575,880,0
"576",0.273515119272735,882,0
"577",0.237666640477909,883,0
"578",0.185570641155471,884,0
"579",0.399911964472493,889,0
"580",0.218706851359712,890,1
"581",0.300458039001845,892,0
"582",0.134103783481945,893,0
"583",0.334739611776414,894,0
"584",0.72980849114602,897,0
"585",0.290367689040218,899,0
"586",0.231337605254057,900,0
"587",0.131514919680157,901,0
"588",0.338126450667222,903,0
"589",0.1766142676122,905,0
"590",0.082022551471435,907,0
"591",0.3297357940257,908,0
"592",0.0759494014589855,909,0
"593",0.131234314217444,910,0
"594",0.311943455630149,911,1
"595",0.174680287009031,914,0
"596",0.146552365705569,915,0
"597",0.134206678679512,917,0
"598",0.185469193666233,918,1
"599",0.226159881449004,920,0
"600",0.225958705609252,921,0
"601",0.154755348397074,922,0
"602",0.519418817723469,924,0
"603",0.38958470393297,927,0
"604",0.229522584357457,928,0
"605",0.133731986570394,930,0
"606",0.189171840447011,931,0
"607",0.050834813530834,932,0
"608",0.138137075230925,933,0
"609",0.2021567193313,935,0
"610",0.153130989293868,937,0
"611",0.168527675992347,940,0
"612",0.262113316240441,943,1
"613",0.153042927120471,944,0
"614",0.162826334683021,946,0
"615",0.174800239671567,947,0
"616",0.305907423632721,949,1
"617",0.169420910997745,950,1
"618",0.308959495623513,951,0
"619",0.401250323608887,952,1
"620",0.193531690952408,954,0
"621",0.152281244031334,955,0
"622",0.614719011804144,956,0
"623",0.153519057391295,957,0
"624",0.252951571029504,960,0
"625",0.408750332870891,963,0
"626",0.319024973751234,964,0
"627",0.230794774177499,965,0
"628",0.415831624090217,968,1
"629",0.159835589336608,969,0
"630",0.114420231308998,970,0
"631",0.436017536940955,971,0
"632",0.105778154495981,973,0
"633",0.761735743349822,974,1
"634",0.117656918441482,975,0
"635",0.565548663459776,977,1
"636",0.14495225679865,979,0
"637",0.15993234880732,980,0
"638",0.230953259780858,981,0
"639",0.134858884863992,983,1
"640",0.199320588370731,984,0
"641",0.480274889566748,985,1
"642",0.333323135863621,986,1
"643",0.27666854777476,987,0
"644",0.168009337453994,988,1
"645",0.0907252478062369,989,0
"646",0.432571658552565,990,1
"647",0.337943473582257,991,0
"648",0.287673940726505,993,0
"649",0.3102933606714,994,1
"650",0.105561200029687,995,0
"651",0.23291800218407,999,1
"652",0.194782972397478,1000,0
"653",0.323204199493604,1001,0
"654",0.549319559128124,1002,0
"655",0.319762945710089,1003,0
"656",0.229202154813741,1004,0
"657",0.381534448433233,1007,0
"658",0.391733856582974,1008,1
"659",0.100349917855246,1009,0
"660",0.169339842467253,1010,0
"661",0.364122715858971,1011,0
"662",0.238761762997848,1013,0
"663",0.192597577978711,1014,1
"664",0.202169139700654,1015,0
"665",0.345532453680844,1017,0
"666",0.303304507812488,1018,1
"667",0.201820788835409,1024,0
"668",0.19423545908367,1027,0
"669",0.115382390905215,1028,0
"670",0.2373239745062,1030,0
"671",0.172233405739637,1032,0
"672",0.20439886976852,1033,0
"673",0.277522855407319,1034,0
"674",0.207878676876824,1035,0
"675",0.516730188563222,1037,0
"676",0.284753305243949,1040,1
"677",0.217722383011064,1042,0
"678",0.284074008406006,1043,0
"679",0.250080551974438,1046,1
"680",0.123822852140356,1047,0
"681",0.149812905500828,1051,0
"682",0.208876293585815,1052,0
"683",0.191222509446976,1053,0
"684",0.0651372000806266,1056,0
"685",0.156931170750931,1057,1
"686",0.584860571152021,1058,0
"687",0.117864525003238,1059,0
"688",0.0715003404844201,1060,0
"689",0.137327614219842,1061,0
"690",0.252959955742167,1064,0
"691",0.141374711362406,1065,0
"692",0.0532427537402119,1066,0
"693",0.077682177885584,1067,0
"694",0.0885950078504344,1068,0
"695",0.252045347026436,1069,0
"696",0.209602751823277,1072,0
"697",0.140084867080921,1073,0
"698",0.159200338905486,1076,1
"699",0.205781746853937,1077,0
"700",0.333130219784184,1078,0
"701",0.292275201467121,1079,0
"702",0.311462456871559,1083,0
"703",0.0713403977642296,1084,0
"704",0.169697545960438,1086,0
"705",0.103754699581403,1088,1
"706",0.303286662681191,1089,0
"707",0.119050519941604,1090,0
"708",0.174472520609078,1091,0
"709",0.103892290791884,1092,0
"710",0.142527744270319,1093,0
"711",0.216305844794198,1094,0
"712",0.132079229769659,1095,0
"713",0.0609037570892661,1096,0
"714",0.159515634362853,1097,0
"715",0.0711798226285884,1099,0
"716",0.223372044394259,1100,0
"717",0.0979922439648963,1103,0
"718",0.333612554192355,1107,0
"719",0.149187622457558,1111,0
"720",0.0722992977649074,1113,0
"721",0.112267222916466,1116,0
"722",0.140091388255269,1117,1
"723",0.359166247068562,1118,1
"724",0.572732442293529,1120,1
"725",0.265081012297611,1121,0
"726",0.370957136866141,1124,1
"727",0.117919158393262,1125,0
"728",0.406431644420174,1126,1
"729",0.119015196878622,1128,0
"730",0.116019216007197,1129,0
"731",0.242389067718212,1132,0
"732",0.0527407418087878,1134,0
"733",0.378419907494932,1135,1
"734",0.378371167461326,1136,0
"735",0.249618899991136,1137,0
"736",0.139546106946853,1140,1
"737",0.147941556899773,1141,0
"738",0.15651191601299,1142,0
"739",0.177603607077879,1146,0
"740",0.221686898885113,1147,0
"741",0.33258998233902,1149,0
"742",0.20400537810023,1151,0
"743",0.102809908246887,1152,0
"744",0.0392617017278216,1153,0
"745",0.261654194906219,1157,0
"746",0.329805360560345,1160,1
"747",0.0599216532229411,1161,0
"748",0.140284746891658,1163,0
"749",0.205185063197021,1164,0
"750",0.378519238242081,1165,1
"751",0.23500833677911,1168,0
"752",0.115875309349013,1170,1
"753",0.163976694480849,1171,0
"754",0.197046619276381,1177,1
"755",0.119971116699607,1182,0
"756",0.189817815228935,1183,0
"757",0.270242533859461,1184,1
"758",0.140448535540041,1185,0
"759",0.191017472934379,1186,0
"760",0.37949210988014,1187,1
"761",0.171939123611543,1190,0
"762",0.2404459054283,1191,0
"763",0.427412238743279,1194,0
"764",0.171188548971501,1197,1
"765",0.191961336081128,1199,1
"766",0.0469273463166255,1200,1
"767",0.380849123987286,1201,0
"768",0.459140691124254,1202,0
"769",0.11070750181787,1203,0
"770",0.180113547082453,1205,1
"771",0.13298136898924,1206,0
"772",0.176397083125994,1207,0
"773",0.393735648906049,1208,0
"774",0.0855830039620839,1211,0
"775",0.827887593169846,1212,1
"776",0.249021822404554,1213,1
"777",0.219460757208476,1214,0
"778",0.264833707850598,1217,0
"779",0.198254051207978,1219,0
"780",0.215631585848237,1221,0
"781",0.123761035669546,1222,0
"782",0.100468011265643,1223,0
"783",0.541757367699599,1224,1
"784",0.119631227379102,1225,0
"785",0.310606492762975,1226,0
"786",0.0884599468542931,1227,0
"787",0.29197554366576,1230,1
"788",0.254760040561468,1231,0
"789",0.279418037501119,1232,0
"790",0.268093216746792,1233,0
"791",0.26057568142413,1234,0
"792",0.241072786238608,1235,1
"793",0.112622794995109,1237,1
"794",0.0814219219314029,1239,0
"795",0.211736889840898,1240,0
"796",0.143206279154233,1241,1
"797",0.216917805127916,1243,0
"798",0.270411377779197,1244,0
"799",0.343382016465553,1247,0
"800",0.171499152621313,1248,0
"801",0.269783333745093,1249,0
"802",0.118718772087214,1251,0
"803",0.117323796870352,1252,0
"804",0.136180364560345,1255,0
"805",0.404806369509407,1256,1
"806",0.180797793201466,1258,0
"807",0.0927070139670508,1259,0
"808",0.0793976746700601,1262,0
"809",0.129137609420493,1264,0
"810",0.131265326242014,1265,0
"811",0.145376088117054,1266,0
"812",0.0134168651569869,1267,0
"813",0.0625281743251401,1270,0
"814",0.116987509340048,1274,0
"815",0.24970997802116,1275,0
"816",0.548092674780145,1278,1
"817",0.343104748871046,1280,0
"818",0.170889188090909,1285,0
"819",0.405865963671424,1288,0
"820",0.272018994293893,1292,0
"821",0.437795635008373,1293,0
"822",0.206242849164667,1295,0
"823",0.17233112698746,1296,0
"824",0.180803957144393,1297,0
"825",0.228076276977885,1299,0
"826",0.147552279016256,1300,0
"827",0.203011476063303,1301,1
"828",0.363022858511796,1303,1
"829",0.320030463798856,1305,1
"830",0.174285124773034,1307,0
"831",0.347271482771458,1308,0
"832",0.132633016106938,1309,0
"833",0.310161040798982,1311,0
"834",0.568109179803033,1312,1
"835",0.432744042258143,1313,1
"836",0.173342703989094,1315,1
"837",0.0568840710784798,1318,0
"838",0.120164345322721,1319,0
"839",0.296924236925407,1322,0
"840",0.34501395871516,1323,0
"841",0.179541156354265,1325,0
"842",0.218200049653373,1326,0
"843",0.262834256925622,1327,0
"844",0.293980586108564,1330,0
"845",0.348193556621642,1333,1
"846",0.436457703583879,1334,0
"847",0.227061631144207,1337,1
"848",0.177074366117369,1338,0
"849",0.268708108530241,1342,0
"850",0.164163480541204,1343,0
"851",0.259421176790184,1344,0
"852",0.411724517624502,1346,1
"853",0.282980894318685,1348,0
"854",0.151589639387579,1350,1
"855",0.213365262506625,1351,1
"856",0.292075822944944,1352,0
"857",0.253816736749853,1355,0
"858",0.261568116274713,1356,0
"859",0.281119411780326,1357,0
"860",0.202478232362401,1358,0
"861",0.184071961355158,1359,0
"862",0.140050152058533,1360,0
"863",0.206686469141788,1361,0
"864",0.233433177547761,1362,1
"865",0.361590842468185,1363,0
"866",0.231673204144098,1364,0
"867",0.143613563288554,1365,0
"868",0.206470122560375,1367,1
"869",0.443673811128963,1369,0
"870",0.237237022127812,1370,1
"871",0.214958624584764,1371,0
"872",0.304463095345312,1373,1
"873",0.42715371762717,1374,0
"874",0.168558767313198,1375,0
"875",0.775001869854989,1377,0
"876",0.264698290014257,1378,0
"877",0.350868025970914,1380,1
"878",0.228442030141047,1381,0
"879",0.092592822994082,1387,1
"880",0.220473708714958,1388,0
"881",0.161195651740222,1389,0
"882",0.267430924265322,1390,1
"883",0.256455779521241,1393,0
"884",0.287386405401497,1395,1
"885",0.307078381775138,1397,0
"886",0.190285018827058,1398,0
"887",0.25475546294746,1399,1
"888",0.138421021632783,1404,0
"889",0.20346133800802,1405,1
"890",0.0931970000269659,1406,0
"891",0.358888485794086,1407,0
"892",0.242661388562277,1408,1
"893",0.321733865216559,1410,1
"894",0.340132535810955,1411,0
"895",0.302457027232272,1412,0
"896",0.139147487367439,1413,0
"897",0.264267118258573,1414,1
"898",0.325013054473776,1415,0
"899",0.166053886118273,1416,0
"900",0.180341489631616,1417,0
"901",0.168244270131375,1420,0
"902",0.33412897255626,1421,1
"903",0.153722975788133,1422,0
"904",0.512434165329526,1427,0
"905",0.224693283049518,1428,0
"906",0.186729074728318,1430,0
"907",0.609870871189114,1431,1
"908",0.167107510864476,1433,0
"909",0.105931935775144,1434,0
"910",0.259619248630362,1435,0
"911",0.264929007110227,1436,0
"912",0.202935323055662,1437,1
"913",0.198411127740598,1438,1
"914",0.328455667826792,1439,0
"915",0.100771704814061,1440,0
"916",0.3103492325487,1441,1
"917",0.22174895253651,1442,0
"918",0.219270065451471,1443,0
"919",0.353551295912751,1444,0
"920",0.280166611933674,1445,0
"921",0.218385177137626,1446,0
"922",0.301520801943239,1447,0
"923",0.378889333605536,1448,1
"924",0.146235694604732,1449,0
"925",0.114905498975235,1450,0
"926",0.264947974848105,1451,1
"927",0.103930694983509,1452,0
"928",0.108025969452827,1454,0
"929",0.138096060572679,1455,1
"930",0.087901976738538,1456,0
"931",0.167996475882063,1457,0
"932",0.193975106584065,1458,0
"933",0.252780306620076,1459,0
"934",0.217628820079633,1460,0
"935",0.2249237394079,1463,0
"936",0.427550057365613,1464,0
"937",0.29187505796289,1466,0
"938",0.240192349214095,1467,0
"939",0.366437417743165,1468,0
"940",0.200884684422787,1469,0
"941",0.356926530705528,1470,1
"942",0.189015585252334,1471,0
"943",0.361359485466683,1473,0
"944",0.522587684380261,1474,0
"945",0.422347143887323,1476,0
"946",0.104029486584259,1477,0
"947",0.171821534946863,1478,0
"948",0.0257052468444971,1479,0
"949",0.15771195429375,1480,0
"950",0.274741812568797,1481,0
"951",0.160840401075643,1482,0
"952",0.24114612202698,1483,0
"953",0.091274004001098,1484,0
"954",0.147480005462935,1485,1
"955",0.28909848035938,1487,0
"956",0.15834785227739,1488,1
"957",0.226247644680026,1489,0
"958",0.206698849503648,1490,0
"959",0.347379828414924,1491,0
"960",0.219331764977857,1492,0
"961",0.343598252784964,1493,1
"962",0.195172417527859,1494,1
"963",0.329213442292571,1499,0
"964",0.175736185295977,1500,0
"965",0.442784191014881,1501,0
"966",0.206549249012067,1502,0
"967",0.290872689134451,1503,0
"968",0.249269829071054,1507,1
"969",0.444146815940799,1510,0
"970",0.230755348461951,1517,0
"971",0.28761058409158,1518,0
"972",0.459965487741803,1531,1
"973",0.269231063587679,1532,0
"974",0.348639647749921,1533,0
"975",0.29644126548245,1534,1
"976",0.302261962755894,1536,0
"977",0.345679594999696,1539,1
"978",0.513772698164325,1540,0
"979",0.834854572610073,1543,1
"980",0.553590599452452,1549,1
"981",0.552534846523438,1552,1
"982",0.335153563887374,1557,1
"983",0.229332112073629,1558,1
"984",0.29642507121874,1559,1
"985",0.282348543451205,1560,1
"986",0.146313357356448,1562,0
"987",0.476718166122185,1563,1
"988",0.193359181558002,1564,0
"989",0.186561182731977,1565,0
"990",0.101634147140994,1566,0
"991",0.141214226964316,1567,0
"992",0.276653561492492,1569,0
"993",0.252570583507881,1570,0
"994",0.149562058871819,1571,1
"995",0.166768535159537,1572,1
"996",0.274714002354526,1573,1
"997",0.274455428954095,1574,1
"998",0.126624595615993,1575,0
"999",0.224981474810384,1576,0
"1000",0.21943649278682,1577,0
"1001",0.201245941544003,1578,0
"1002",0.235736329333596,1579,0
"1003",0.156863864822501,1582,0
"1004",0.166460083033227,1583,0
"1005",0.0822049148301183,1585,0
"1006",0.131652674897033,1586,0
"1007",0.448679437601571,1587,1
"1008",0.205952911072123,1588,0
"1009",0.115598450043235,1589,1
"1010",0.621029592909818,1590,1
"1011",0.236338598104213,1591,0
"1012",0.248106177181383,1592,1
"1013",0.271140820306188,1595,0
"1014",0.254737516877448,1595,0
"1015",0.202941461601523,1597,0
"1016",0.170346654289579,1599,1
"1017",0.125569170886898,1601,0
"1018",0.157610712782922,1603,0
"1019",0.431326356984246,1610,0
"1020",0.131746252234756,1618,0
"1021",0.5017402361672,1637,1
"1022",0.218505933622958,1638,0
"1023",0.211967637403567,1639,0
"1024",0.147141803114013,1640,0
"1025",0.454409325229229,1641,0
"1026",0.495053166596614,1642,1
"1027",0.319998809772875,1645,1
"1028",0.580877239222474,1646,1
"1029",0.579060297427559,1647,0
"1030",0.571728562854661,1648,1
"1031",0.405719243764305,1649,0
"1032",0.401532450801952,1651,0
"1033",0.641661709748472,1652,0
"1034",0.752941626675812,1653,1
"1035",0.50001602528588,1655,0
"1036",0.758614978742601,1656,1
"1037",0.577154708561358,1657,0
"1038",0.622112828225647,1659,1
"1039",0.338926498099248,1665,0
"1040",0.507205064684952,1666,1
"1041",0.525792864614832,1667,1
"1042",0.281200407349029,1669,0
"1043",0.206364791005716,1672,0
"1044",0.494344686757458,1675,1
"1045",0.12166536668336,1677,0
"1046",0.128390037443147,1679,0
"1047",0.276648021191976,1680,0
"1048",0.349515856583159,1681,1
"1049",0.448729439798632,1682,0
"1050",0.242383994879726,1683,0
"1051",0.316117022976358,1684,1
"1052",0.230272788889591,1685,0
"1053",0.221039349952787,1686,0
"1054",0.112221019692285,1688,0
"1055",0.262265393331194,1690,0
"1056",0.102323745023564,1691,0
"1057",0.162145533060364,1693,0
"1058",0.143121693679081,1694,0
"1059",0.206064568494721,1695,0
"1060",0.421729609762173,1696,0
"1061",0.285243643008745,1697,1
"1062",0.449053283776447,1700,1
"1063",0.361135004492388,1701,0
"1064",0.414674261050788,1702,0
"1065",0.277139088852418,1703,0
"1066",0.36988583642883,1704,0
"1067",0.236423655526046,1705,0
"1068",0.414372797676925,1706,0
"1069",0.225632339690536,1707,0
"1070",0.177433200189271,1708,1
"1071",0.208132151082677,1710,0
"1072",0.153089304384582,1711,0
"1073",0.194568790275117,1712,0
"1074",0.088458787958799,1713,0
"1075",0.163653897032819,1714,0
"1076",0.151001531758018,1715,0
"1077",0.164478796019981,1718,0
"1078",0.265117416881003,1719,0
"1079",0.120818440602462,1720,1
"1080",0.153260885863305,1721,0
"1081",0.0493201744208749,1723,1
"1082",0.148153152310437,1724,0
"1083",0.168369970791417,1725,0
"1084",0.15654964430551,1726,0
"1085",0.0360214641710341,1727,1
"1086",0.129228350199533,1728,0
"1087",0.223112487280229,1729,0
"1088",0.130778580002673,1730,0
"1089",0.122857243191845,1732,0
"1090",0.195967199470903,1733,0
"1091",0.233346341080298,1734,0
"1092",0.195700045835926,1735,0
"1093",0.427356825253491,1736,0
"1094",0.292956064965505,1737,1
"1095",0.20406217605738,1738,0
"1096",0.137946525423878,1739,0
"1097",0.203114542955214,1741,0
"1098",0.26852497710541,1742,0
"1099",0.178851370969243,1743,0
"1100",0.254615823795724,1745,1
"1101",0.299487223084355,1746,1
"1102",0.331467706278979,1747,1
"1103",0.216425700696349,1748,0
"1104",0.191743720770137,1749,0
"1105",0.319643322650562,1750,0
"1106",0.306654786748882,1751,0
"1107",0.0915076600990556,1753,0
"1108",0.219081564056844,1754,0
"1109",0.279210147665692,1755,1
"1110",0.13217674382223,1757,0
"1111",0.132994017588248,1759,0
"1112",0.402427959313859,1769,0
"1113",0.205961791167596,1805,0
"1114",0.554963078849968,1807,1
"1115",0.193584509852853,1812,0
"1116",0.226331424981056,1815,1
"1117",0.317929234648108,1821,1
"1118",0.109009242379717,1848,0
"1119",0.225547056890121,1852,0
"1120",0.211772799643107,1872,0
"1121",0.443867575436712,1875,1
"1122",0.190841131465276,1893,1
"1123",0.127575024079555,1904,0
"1124",0.266220050238902,1908,1
"1125",0.213511216995157,1909,0
"1126",0.416646638955789,1910,0
"1127",0.183461605853708,1911,0
"1128",0.248740967556817,1913,0
"1129",0.110357762909464,1914,1
"1130",0.153847497214777,1915,0
"1131",0.200838960323054,1916,1
"1132",0.149078540790435,1917,0
"1133",0.116331227297106,1918,0
"1134",0.239864128946193,1919,1
"1135",0.13418328159553,1920,0
"1136",0.24319594001474,1921,1
"1137",0.258809738196666,1922,0
"1138",0.233593005032113,1923,0
"1139",0.12336548491988,1924,0
"1140",0.240854846218231,1925,0
"1141",0.188110089035053,1926,0
"1142",0.314682625084413,1926,0
"1143",0.115215430408675,1927,0
"1144",0.112970713377546,1928,0
"1145",0.167063720244787,1929,1
"1146",0.216897271743361,1930,0
"1147",0.246247668943894,1931,0
"1148",0.288178446118785,1932,0
"1149",0.104970521577909,1933,0
"1150",0.295878522340137,1934,0
"1151",0.278677620597103,1935,0
"1152",0.160055066596998,1936,0
"1153",0.377453329789279,1937,1
"1154",0.216121147559802,1938,0
"1155",0.173581120020464,1939,1
"1156",0.30638985820602,1940,1
"1157",0.149047470703803,1941,0
"1158",0.586295391796261,1941,0
"1159",0.27593184594352,1942,0
"1160",0.281000524927732,1943,1
"1161",0.313988398210872,1944,1
"1162",0.248209150208793,1945,0
"1163",0.211384754343684,1946,0
"1164",0.124980808315037,1947,0
"1165",0.203577892300913,1948,0
"1166",0.478246319624524,1949,0
"1167",0.139776648988967,1950,0
"1168",0.206734071808919,1951,0
"1169",0.151187134402186,1952,0
"1170",0.125753946271993,1953,0
"1171",0.450579337228839,1955,0
"1172",0.239811182202611,1956,0
"1173",0.192614845220578,1957,0
"1174",0.253142412410722,1958,0
"1175",0.197886450467098,1959,0
"1176",0.317885604802009,1960,0
"1177",0.189201528010228,1961,0
"1178",0.166491010219965,1962,0
"1179",0.0947959093840393,1963,0
"1180",0.279978101564676,1964,0
"1181",0.115314940818799,1965,0
"1182",0.279439221785506,1966,1
"1183",0.0748590140989647,1967,0
"1184",0.151158478867355,1968,0
"1185",0.283304774871299,1969,0
"1186",0.164190714627993,1970,0
"1187",0.286463336792442,1971,1
"1188",0.265542004118821,1972,1
"1189",0.197784496064722,1973,0
"1190",0.162857232098033,1974,0
"1191",0.131829724331016,1975,0
"1192",0.168172697134862,1976,0
"1193",0.262737299292806,1977,0
"1194",0.086057301637137,1978,0
"1195",0.233399127305965,1979,1
"1196",0.19392265363,1981,1
"1197",0.26993284822652,1982,0
"1198",0.301748508598689,1983,0
"1199",0.180052921314768,1983,0
"1200",0.198983906184633,1984,0
"1201",0.360776420145414,1984,0
"1202",0.281623031725821,1985,0
"1203",0.255278330079353,1986,0
"1204",0.239224050759617,1987,1
"1205",0.176515916376344,1988,0
"1206",0.315295526441168,1989,1
"1207",0.288952220960534,1990,0
"1208",0.260424842155117,1991,0
"1209",0.118516399853406,1992,0
"1210",0.149507504580472,1993,0
"1211",0.299743438663166,1994,0
"1212",0.232186976769676,1995,0
"1213",0.428486406219246,1996,0
"1214",0.195283967171568,1997,0
"1215",0.145789713146177,1998,0
"1216",0.277298522804213,1999,0
"1217",0.237807129188802,2000,0
"1218",0.212287498379926,2001,0
"1219",0.222842843539045,2002,0
"1220",0.281824279927239,2003,0
"1221",0.269595307073952,2004,1
"1222",0.362937438606086,2005,0
"1223",0.420608032864697,2005,0
"1224",0.305463033700538,2006,0
"1225",0.222044386796263,2007,0
"1226",0.420637549432164,2008,0
"1227",0.164308589116462,2009,0
"1228",0.296099221082298,2010,1
"1229",0.296679735040742,2011,0
"1230",0.241783790418636,2012,0
"1231",0.535863140144833,2012,1
"1232",0.329948998565145,2013,0
"1233",0.169700235517773,2014,0
"1234",0.150116632907477,2016,1
"1235",0.214628470445281,2017,1
"1236",0.201036475905242,2018,1
"1237",0.28199224606706,2019,0
"1238",0.292064538267486,2020,0
"1239",0.471731541175381,2021,1
"1240",0.199304996018832,2022,0
"1241",0.158323793022235,2023,0
"1242",0.200550049036535,2024,0
"1243",0.214022648716805,2025,1
"1244",0.19077768091534,2026,1
"1245",0.33379757834507,2027,1
"1246",0.158716508374372,2028,0
"1247",0.336009964307455,2029,1
"1248",0.290143931332658,2030,0
"1249",0.297843877789682,2030,0
"1250",0.129750193246591,2031,0
"1251",0.409114969719075,2031,0
"1252",0.305874689527257,2032,0
"1253",0.352430455601339,2033,1
"1254",0.155158127023422,2034,0
"1255",0.199662312842874,2035,1
"1256",0.128434809806532,2036,0
"1257",0.289959670793766,2037,0
"1258",0.367759147566465,2038,1
"1259",0.151131175791403,2039,0
"1260",0.108110831924673,2040,0
"1261",0.504540068913153,2041,1
"1262",0.297450212025438,2042,0
"1263",0.404115970713223,2043,1
"1264",0.272076939521156,2044,1
"1265",0.388440256211257,2045,0
"1266",0.206038797751001,2046,1
"1267",0.360916740253624,2047,1
"1268",0.230794978391952,2048,0
"1269",0.191786749910821,2049,0
"1270",0.230208025839992,2050,0
"1271",0.289487213605999,2051,0
"1272",0.74590591016692,2052,0
"1273",0.317058981427021,2053,0
"1274",0.161772322688213,2054,0
"1275",0.198844941639045,2055,0
"1276",0.402092057592141,2056,1
"1277",0.250998963380215,2057,1
"1278",0.349194249129627,2058,0
"1279",0.539855187282613,2059,1
"1280",0.542632773849709,2060,1
"1281",0.170840323229753,2061,0
"1282",0.198057811542845,2062,0
"1283",0.269344469766036,2063,0
"1284",0.280990149189397,2064,1
"1285",0.121813378696839,2065,0
"1286",0.12547523918245,2066,0
"1287",0.106416898434852,2067,0
"1288",0.656898536290967,2068,0
"1289",0.34544059701056,2069,0
"1290",0.403793654499383,2070,0
"1291",0.163958295382072,2071,1
"1292",0.572209922183297,2072,1
"1293",0.219252893747409,2073,0
"1294",0.212765497260681,2074,0
"1295",0.31837593647985,2075,0
"1296",0.484114076276722,2076,1
"1297",0.257774867523466,2077,0
"1298",0.254232951416656,2078,0
"1299",0.620112181382542,2079,1
"1300",0.308557795101273,2080,1
"1301",0.749320264776454,2081,0
"1302",0.351315136250562,2082,0
"1303",0.294576396464522,2083,1
"1304",0.777831787270582,2084,1
"1305",0.856728437238835,2085,0
"1306",0.729864649309512,2086,0
"1307",0.593024238637289,2087,1
"1308",0.334437057195461,2088,0
"1309",0.621326051652179,2089,0
"1310",0.327130430272943,2090,1
"1311",0.386299109351924,2091,0
"1312",0.308942304173107,2092,0
"1313",0.543910276253004,2093,1
"1314",0.310731652185815,2094,1
"1315",0.56022889012919,2095,1
"1316",0.457976690233085,2096,0
"1317",0.27520532062389,2097,0
"1318",0.321082923410532,2098,0
"1319",0.404454455068998,2099,0
"1320",0.280425493854963,2100,0
"1321",0.267608754488746,2101,0
"1322",0.419074416463815,2102,0
"1323",0.227056147558985,2103,0
"1324",0.164410824593408,2104,0
"1325",0.182243811263423,2105,1
"1326",0.610979552651203,2106,1
"1327",0.566600298922108,2107,1
"1328",0.567593849597917,2108,1
"1329",0.192114696085425,2109,0
"1330",0.27145618471982,2110,0
"1331",0.563843955170166,2111,1
"1332",0.181604030989135,2112,0
"1333",0.125220212395647,2112,0
"1334",0.215698316921444,2113,0
"1335",0.174391873356424,2114,1
"1336",0.444838457634791,2115,0
"1337",0.245095227982891,2116,0
"1338",0.353306618733395,2117,0
"1339",0.443733664134824,2118,0
"1340",0.358899068400765,2119,0
"1341",0.540868778101311,2120,0
"1342",0.237249962491946,2120,0
"1343",0.414048280475559,2121,1
"1344",0.503765114079561,2122,0
"1345",0.188089887703336,2123,0
"1346",0.316730596774913,2124,1
"1347",0.391017837136274,2125,1
"1348",0.425688860959628,2126,1
"1349",0.493979199580074,2127,1
"1350",0.503809539920571,2128,1
"1351",0.446745749813457,2129,0
"1352",0.555349459810683,2130,1
"1353",0.317746353815031,2131,0
"1354",0.317968010952624,2132,0
"1355",0.0748762602629561,2133,0
"1356",0.229360344421528,2134,0
"1357",0.228622083899826,2135,0
"1358",0.077404869506323,2136,0
"1359",0.339241779477295,2137,0
"1360",0.286741723164203,2138,0
"1361",0.344132170474974,2139,0
"1362",0.198946066245896,2140,0
"1363",0.471091881199283,2141,1
"1364",0.432026544133229,2141,0
"1365",0.52736505185554,2142,1
"1366",0.456524737075813,2143,1
"1367",0.473183381759494,2144,0
"1368",0.453908209054908,2145,0
"1369",0.294283925272001,2146,0
"1370",0.238759208651508,2147,1
"1371",0.0991906010916459,2148,1
"1372",0.397902419699697,2149,1
"1373",0.32014699316079,2150,0
"1374",0.373265020895483,2151,0
"1375",0.246202069254983,2152,1
"1376",0.536657501326543,2153,0
"1377",0.390086882818552,2154,1
"1378",0.357421815061077,2155,0
"1379",0.138533485926179,2156,1
"1380",0.202561836978738,2157,1
"1381",0.48983633386646,2158,0
"1382",0.498865107114625,2159,0
"1383",0.0858042411621297,2160,0
"1384",0.214004359066762,2161,0
"1385",0.267137165817946,2162,0
"1386",0.412389112896959,2164,0
"1387",0.699071140329346,2165,1
"1388",0.527354231275874,2166,1
"1389",0.252628449864154,2167,0
"1390",0.30580812184081,2168,0
"1391",0.534110613669189,2169,0
"1392",0.118799048571778,2170,0
"1393",0.232804971711491,2171,0
"1394",0.313163417047591,2172,1
"1395",0.140890113773707,2173,0
"1396",0.309879776166744,2174,1
"1397",0.180912778315036,2175,0
"1398",0.247617090407227,2176,0
"1399",0.191675313339438,2177,0
"1400",0.100685802530261,2178,0
"1401",0.500493921588248,2179,1
"1402",0.418702737909283,2180,0
"1403",0.200105996525599,2181,0
"1404",0.290324073159497,2182,0
"1405",0.186013243690039,2183,0
"1406",0.21088240337816,2184,0
"1407",0.11100341415123,2185,0
"1408",0.0479461092756268,2186,0
"1409",0.220863198580825,2187,0
"1410",0.306110917536159,2188,0
"1411",0.31315579006848,2189,1
"1412",0.234151463555699,2190,0
"1413",0.262397848861168,2191,0
"1414",0.218530023578067,2192,0
"1415",0.37052159720961,2193,0
"1416",0.287183173134617,2194,0
"1417",0.225188702039857,2195,1
"1418",0.253400843139632,2196,0
"1419",0.281720382189018,2196,0
"1420",0.299761428088525,2197,0
"1421",0.177874561787147,2198,0
"1422",0.109338114270216,2198,0
"1423",0.209485015029953,2199,0
"1424",0.119306287105698,2200,0
"1425",0.340866291048191,2201,0
"1426",0.163498508731828,2202,1
"1427",0.18322605507531,2203,1
"1428",0.378741860404651,2204,1
"1429",0.214757430168615,2205,0
"1430",0.273823777333992,2206,0
"1431",0.236247061648904,2206,1
"1432",0.228773139294945,2207,0
"1433",0.371253563544522,2208,0
"1434",0.370874770363882,2209,1
"1435",0.266690696293374,2210,0
"1436",0.161256785516649,2211,0
"1437",0.417825467738103,2212,1
"1438",0.238361881039893,2213,0
"1439",0.317087760553239,2214,0
"1440",0.286343744686787,2215,0
"1441",0.249463843312402,2216,0
"1442",0.244713400884598,2217,0
"1443",0.556359692285231,2218,1
"1444",0.106931905146147,2219,0
"1445",0.115130329021022,2220,0
"1446",0.0885578383421307,2220,0
"1447",0.251555047972894,2221,0
"1448",0.210598470368762,2222,0
"1449",0.287449784998928,2223,0
"1450",0.198885108483384,2224,0
"1451",0.455376238646852,2225,1
"1452",0.198187336095705,2226,0
"1453",0.175234953247395,2227,0
"1454",0.265270212785742,2228,0
"1455",0.0763160889369876,2229,0
"1456",0.256544974237265,2230,0
"1457",0.211480882665868,2231,0
"1458",0.242068049438276,2232,0
"1459",0.17968931312834,2233,0
"1460",0.224793272359437,2234,0
"1461",0.183213352774369,2235,0
"1462",0.31105249977995,2236,0
"1463",0.266612671983162,2237,0
"1464",0.352838874577459,2238,1
"1465",0.343442674555323,2239,0
"1466",0.192689309866715,2240,0
"1467",0.16427139340536,2241,0
"1468",0.45762931654008,2242,0
"1469",0.396657276502732,2243,0
"1470",0.250319644822238,2244,0
"1471",0.401802019878757,2245,1
"1472",0.300257144354041,2246,0
"1473",0.397133153092288,2247,1
"1474",0.474041211951473,2248,0
"1475",0.176753257563053,2249,0
"1476",0.140013468342756,2250,0
"1477",0.180408485809561,2251,1
"1478",0.228859374646828,2252,0
"1479",0.142364728493991,2253,0
"1480",0.410731870191601,2254,1
"1481",0.371370433349487,2255,1
"1482",0.26726808880781,2256,0
"1483",0.486168869046048,2257,1
"1484",0.595141618859832,2258,0
"1485",0.421900660499832,2259,0
"1486",0.336540972950434,2260,1
"1487",0.288409284274474,2261,1
"1488",0.255547478683622,2262,0
"1489",0.331313648749577,2263,0
"1490",0.252281216855996,2264,1
"1491",0.0924254322090517,2265,0
"1492",0.328583267198135,2266,0
"1493",0.578237212794506,2268,1
"1494",0.261981234647988,2269,0
"1495",0.399143787208424,2270,0
"1496",0.121313177064266,2271,0
"1497",0.311785483172349,2272,1
"1498",0.243742469754644,2273,1
"1499",0.234395032458449,2274,1
"1500",0.256408107834774,2275,0
"1501",0.111580698519778,2275,0
"1502",0.177244604230888,2276,0
"1503",0.126118598404062,2277,0
"1504",0.453153234392485,2278,0
"1505",0.363921755074153,2279,0
"1506",0.586701041092898,2280,1
"1507",0.34702730344939,2281,1
"1508",0.452457089723142,2282,1
"1509",0.296410121416097,2283,0
"1510",0.118145390795755,2284,0
"1511",0.18375098058889,2285,0
"1512",0.371235891083237,2286,1
"1513",0.146915732517993,2287,0
"1514",0.341222468332384,2288,1
"1515",0.108859999790969,2289,0
"1516",0.444354519032394,2290,1
"1517",0.328498636525274,2291,1
"1518",0.216535846686934,2291,0
"1519",0.289384353262221,2292,0
"1520",0.421313853014314,2293,0
"1521",0.318281498834911,2294,0
"1522",0.366306540884503,2295,0
"1523",0.175787826804827,2296,0
"1524",0.20651960759484,2297,1
"1525",0.164775966963455,2298,1
"1526",0.247511068047364,2299,0
"1527",0.504250842883215,2300,0
"1528",0.21256383028026,2301,0
"1529",0.182208665544008,2302,1
"1530",0.176421481514787,2303,0
"1531",0.340751293946764,2304,0
"1532",0.317331877144509,2305,1
"1533",0.674200288736988,2306,0
"1534",0.475537560846377,2306,0
"1535",0.243007256566931,2307,1
"1536",0.101635953874749,2308,0
"1537",0.211242153344168,2309,0
"1538",0.249541686472886,2310,0
"1539",0.380090791826939,2311,0
"1540",0.316848906231829,2312,0
"1541",0.162324196702938,2313,0
"1542",0.279566229547182,2314,0
"1543",0.234408948579314,2315,1
"1544",0.374417130926969,2316,0
"1545",0.205820970500262,2317,0
"1546",0.31165811910085,2318,1
"1547",0.130042383578249,2319,0
"1548",0.410293685262996,2320,0
"1549",0.292280464150933,2321,0
"1550",0.176882292275006,2322,0
"1551",0.12942428967583,2323,0
"1552",0.356699195195351,2324,0
"1553",0.153784904798787,2325,0
"1554",0.15461406480866,2326,0
"1555",0.286306868395574,2327,0
"1556",0.170212967865131,2328,0
"1557",0.47651190360485,2329,1
"1558",0.106153871431152,2330,0
"1559",0.310288338327107,2331,1
"1560",0.228679037923114,2333,1
"1561",0.167530607433271,2334,0
"1562",0.610598318952224,2335,1
"1563",0.457908248046087,2336,1
"1564",0.331390697510754,2337,0
"1565",0.500307449454095,2338,1
"1566",0.395644526805994,2339,1
"1567",0.77257289421697,2340,1
"1568",0.641039308907191,2341,1
"1569",0.237277917281842,2342,0
"1570",0.233231828480734,2343,0
"1571",0.399573665346488,2344,0
"1572",0.262797769018421,2345,0
"1573",0.31158339548901,2346,1
"1574",0.073852340659509,2347,0
"1575",0.21169864511344,2348,0
"1576",0.215367151482757,2349,0
"1577",0.181423618262116,2350,0
"1578",0.292144165403229,2351,0
"1579",0.166258729854447,2352,0
"1580",0.196940102050449,2353,0
"1581",0.142963890054853,2354,0
"1582",0.10040312727758,2355,0
"1583",0.0965374791788104,2356,0
"1584",0.150543196126162,2357,1
"1585",0.202846007746165,2358,0
"1586",0.285562609619335,2359,0
"1587",0.122633276359138,2360,0
"1588",0.244219909052309,2361,1
"1589",0.185140271473053,2362,0
"1590",0.307347982859468,2363,0
"1591",0.154176643678174,2364,0
"1592",0.229938613547489,2365,0
"1593",0.346665338022065,2366,0
"1594",0.328934038726218,2367,0
"1595",0.359908948234559,2368,1
"1596",0.449385772929082,2369,0
"1597",0.183842088432859,2370,1
"1598",0.191929315386513,2371,0
"1599",0.068630340384616,2372,0
"1600",0.0642501093038292,2373,0
"1601",0.15560374382471,2374,0
"1602",0.130237147870948,2375,0
"1603",0.267825878058996,2376,0
"1604",0.181771653696148,2377,0
"1605",0.0997408970750829,2378,0
"1606",0.110732361861169,2379,0
"1607",0.108222964696654,2380,1
"1608",0.131947563561754,2381,0
"1609",0.119522573693646,2382,0
"1610",0.110560640640369,2383,0
"1611",0.138683630473838,2384,0
"1612",0.416115092661175,2385,1
"1613",0.212521410445091,2386,0
"1614",0.17530006053519,2387,0
"1615",0.180309248161988,2388,1
"1616",0.171174607637867,2389,0
"1617",0.276171861908974,2390,0
"1618",0.137621270358884,2391,0
"1619",0.155694825527874,2392,0
"1620",0.10312261951836,2393,0
"1621",0.14058032176832,2394,0
"1622",0.229713317171098,2395,0
"1623",0.232660180120223,2396,0
"1624",0.10911697174762,2397,0
"1625",0.143040420423041,2398,0
"1626",0.202447167031347,2399,0
"1627",0.169123380400367,2400,0
"1628",0.104035547755113,2401,0
"1629",0.0792674659915438,2403,0
"1630",0.139901043763834,2404,0
"1631",0.201730493658034,2405,0
"1632",0.227963518529261,2406,0
"1633",0.189959483896426,2407,0
"1634",0.0943599991405077,2408,0
"1635",0.20879913820514,2409,0
"1636",0.193486569077077,2410,0
"1637",0.3013178702615,2411,0
"1638",0.375779865650942,2412,0
"1639",0.343233445107176,2413,0
"1640",0.336556547752005,2414,0
"1641",0.338096012022933,2415,1
"1642",0.23813169250679,2417,0
"1643",0.33845862357479,2420,0
"1644",0.288813913952496,2422,0
"1645",0.262170165572605,2423,0
"1646",0.448793639198396,2424,0
"1647",0.446583552584458,2425,0
"1648",0.142332276346862,2426,0
"1649",0.206787532657168,2427,0
"1650",0.225164075293639,2430,0
"1651",0.204090244192777,2431,1
"1652",0.210493278908692,2432,0
"1653",0.155889581478013,2433,0
"1654",0.119918967889023,2434,0
"1655",0.135431356463516,2435,1
"1656",0.0606119326645497,2436,0
"1657",0.18966231024803,2438,0
"1658",0.191045174959723,2439,0
"1659",0.141818796052548,2440,0
"1660",0.295669393742062,2441,0
"1661",0.378282914801823,2442,1
"1662",0.335814618824222,2444,0
"1663",0.0900359106068315,2445,0
"1664",0.157251915379802,2446,0
"1665",0.345243934615334,2447,0
"1666",0.34342558445514,2448,0
"1667",0.241666534985983,2450,0
"1668",0.244144740281271,2453,0
"1669",0.236700708459173,2454,1
"1670",0.120499920139279,2455,0
"1671",0.144788844105991,2456,0
"1672",0.321313277691369,2457,1
"1673",0.151476136854888,2459,0
"1674",0.0969702644134562,2460,0
"1675",0.123715287209414,2461,1
"1676",0.115205084784274,2462,0
"1677",0.293979126571528,2463,0
"1678",0.27217688232804,2464,0
"1679",0.136611004190893,2465,0
"1680",0.256547764911283,2466,1
"1681",0.157696194477468,2467,1
"1682",0.12388700634175,2468,0
"1683",0.164850637321376,2469,0
"1684",0.081105942426323,2470,0
"1685",0.146082592419749,2471,0
"1686",0.392658818490773,2472,1
"1687",0.159785424878989,2474,0
"1688",0.0371198121325066,2475,0
"1689",0.384077102640265,2476,0
"1690",0.240333000551107,2479,1
"1691",0.199569464293411,2481,0
"1692",0.453077078008425,2482,1
"1693",0.410058221104809,2483,0
"1694",0.458902668282225,2484,0
"1695",0.408727524537472,2485,0
"1696",0.261582079501104,2486,1
"1697",0.253261762819868,2487,1
"1698",0.287137219661565,2488,1
"1699",0.78189112897239,2489,1
"1700",0.772051705418233,2491,1
"1701",0.737893661495994,2492,1
"1702",0.467516766131557,2504,1
"1703",0.263201708393059,2505,0
"1704",0.193149953931241,2506,1
"1705",0.147818034085035,2507,0
"1706",0.577074209474806,2508,0
"1707",0.544150158516804,2510,0
"1708",0.388899273286895,2513,0
"1709",0.666886065139446,2517,1
"1710",0.720481504025199,2518,1
"1711",0.517318969008167,2519,0
"1712",0.625019487206596,2522,0
"1713",0.605075573273626,2523,0
"1714",0.243233794513905,2524,0
"1715",0.423966509808586,2525,1
"1716",0.388943236882211,2527,0
"1717",0.199813898186543,2530,0
"1718",0.722054027511841,2533,0
